id,domain,status,purchase_price,renewal_price,attractiveness,demand,length,registrar,created_at,expires_at,status_verified_at
54c6201c-1125-453b-bf23-814ca531af8f,woops.law,available,95.99,95.99,high,low,5,namesilo,,,
0604a84e-c38c-49e2-aee3-8512568b0605,barmy.law,available,95.99,95.99,medium,low,5,namesilo,,,06/08/2026 20:25
8989da65-ca7e-4cf5-890d-fbdd21f5c195,quantity.law,available,95.99,95.99,high,low,8,namesilo,,,
500b9cc3-8aa5-4467-963f-6a3fe0836bb4,standby.law,available,95.99,95.99,high,low,8,namesilo,,,10/09/2026 18:37
fd62ab3b-586d-4def-bb75-602258de3cd8,both.law,available,95.99,95.99,high,low,4,namesilo,,,
831625b8-89b5-4604-a988-3b6b5c2f2895,term.law,available,95.99,95.99,high,low,4,namesilo,,,
041f5680-5bf6-4183-8179-5878395163f2,virulent.law,available,95.99,95.99,medium,low,8,namesilo,,,
1675a9b4-300b-43cb-a69c-b56f5cdc4155,loyal.law,available,95.99,95.99,high,low,5,namesilo,,,
57b259d0-4494-4086-8715-28254969a0b3,receipts.law,available,95.99,95.99,high,low,8,namesilo,,,
726c9f88-026d-4317-9847-71df9534f213,afferent.law,available,95.99,95.99,high,low,8,namesilo,,,
b83a62e7-e18f-4cdb-bc04-d4a175bcf401,synchronise.law,available,95.99,95.99,high,low,11,namesilo,,,
01d40260-c29a-42f8-997f-58c1b4b54430,unmatched.law,available,95.99,95.99,high,low,9,namesilo,,,
faecfa3e-d68c-45dd-81f9-91b50785cb86,walking.law,available,95.99,95.99,high,low,7,namesilo,,,
46d16066-73c8-4102-b38e-8548baa440ab,competing.law,available,95.99,95.99,high,low,9,namesilo,,,
1621ae37-60f4-4bd0-ba49-89fb5162fe38,scrub.law,available,95.99,95.99,high,low,5,namesilo,,,
e8f58e2a-3fc9-4579-9d5a-4eeb0927c6dc,painted.law,available,95.99,95.99,high,low,7,namesilo,,,
dcff4c65-0cb0-46cc-8a26-495a3d474f16,riding.law,available,95.99,95.99,high,low,6,namesilo,,,
d4d0d52d-f878-4b79-a5d6-0a1fc7ecf48c,injure.law,available,95.99,95.99,high,low,6,namesilo,,,
909bd4eb-a096-4622-b436-5d07d790ec17,surfboard.law,available,119.99,,high,low,9,name.com,,,
ad8c43a7-e3f4-4efb-8318-b8c4f58d6426,worry.law,available,95.99,95.99,high,low,5,namesilo,,,
604e4bdb-76a7-4c5e-baa6-a103143a8f85,archaic.law,available,95.99,95.99,high,low,7,namesilo,,,
7234ecb5-2de3-4783-ac38-f10fdab31edd,cxxxv.law,available,95.99,95.99,medium,low,5,namesilo,,,
2ea24b0a-df99-440c-abfb-ceb2b9f1d67c,ageless.law,available,95.99,95.99,high,low,7,namesilo,,,
354f2d26-3164-4f98-85fb-25bb549c7306,browser.law,available,95.99,95.99,high,low,7,namesilo,,,
594d24cb-9f74-443f-8504-c120292e2289,proud.law,available,95.99,95.99,high,low,5,namesilo,,,
7041bde2-dc0e-4413-9cbf-a6aba369f1c0,anticipate.law,available,95.99,95.99,high,low,10,namesilo,,,
dc164f80-e294-42fe-ba08-f0bcd346282c,upon.law,available,95.99,95.99,high,low,4,namesilo,,,
739a64d0-627e-4763-8002-c97e2cd5e86e,rare.law,available,95.99,95.99,high,medium,4,namesilo,,,
0b4d2d04-2c61-451c-b287-71e5b3bc1354,recession.law,available,95.99,95.99,high,low,9,namesilo,,,
9fd6127e-01db-40ec-aba6-a8c2b5c30e8b,abnaki.law,available,95.99,95.99,medium,low,6,namesilo,,,
1da594db-f96d-44d5-84eb-847106cf506b,hellish.law,available,95.99,95.99,medium,low,7,namesilo,,,09/08/2026 04:59
54dbe215-70e8-4be5-88b0-12eac5938f12,nutritive.law,available,95.99,95.99,high,low,9,namesilo,,,08/09/2026 09:04
54447517-dfdd-438d-b3c0-3be92bf0f37e,adynamic.law,available,95.99,95.99,medium,low,8,namesilo,,,
b2949881-0e2f-4e78-9b6c-a693a8ad063d,headline.law,available,95.99,95.99,high,low,8,namesilo,,,
75da84a8-2ee6-481e-97a9-ea7d171fedc4,dorsum.law,available,95.99,95.99,high,low,6,namesilo,,,08/08/2026 05:12
29f75655-86df-4d6e-ac0c-e54649cdfd35,lordly.law,available,95.99,95.99,high,low,6,namesilo,,,07/08/2026 17:05
6ce68f24-17ac-4e78-a639-3d5cf9e9f640,hello.law,premium,1150,,high,high,5,name.com,,,
9679aa4a-89da-4e4b-b1f7-7ce0ee70f731,ted.law,premium,412.5,,high,low,3,name.com,,,
e4a257c8-11f7-4683-8ffa-f66271699581,accommodate.law,available,119.99,,high,low,11,name.com,,,
79263ffb-9e3f-4f88-8831-e2404c3790a4,ratter.law,available,95.99,95.99,low,low,6,namesilo,,,06/08/2026 04:00
ff9a3d15-3224-4ada-9ef3-8a67a5f429c1,mist.law,available,95.99,95.99,high,low,4,namesilo,,,
ea6846bd-70fd-4781-bf77-675d1938216b,freeway.law,available,95.99,95.99,high,low,7,namesilo,,,
86183d84-375a-4502-9ef0-f338531806ef,finally.law,available,95.99,95.99,high,low,7,namesilo,,,
28dcb72d-a62c-4a73-b027-d976f61ca059,matched.law,available,95.99,95.99,high,low,7,namesilo,,,
9a86e2c9-5d2e-410f-bd5d-1f5e2582843d,autotomic.law,available,95.99,95.99,medium,low,9,namesilo,,,07/08/2026 21:13
aa78a332-eb2d-437d-ae68-ee81967947ec,waterless.law,available,105.98,130.98,medium,low,9,namecheap,,,06/08/2026 19:03
3665d69f-5eea-492e-841a-04e39fb14b6a,fairs.law,available,95.99,95.99,high,low,5,namesilo,,,
cac8b470-48d6-4828-af37-998a91953c5c,poverty.law,available,95.99,95.99,medium,low,7,namesilo,,,
281a6b01-4a6c-4fe4-8641-56ad80b9eb38,separation.law,available,95.99,95.99,high,low,10,namesilo,,,
c88ba994-9fc1-4d99-b7a5-ae6808f3bdb6,lots.law,available,95.99,95.99,high,low,4,namesilo,,,
847611e8-7db4-42f0-9840-112253cf6182,ike.law,premium,412.5,,high,low,3,name.com,,,
ec825adb-4274-408f-8eaa-30b670d5b0fd,sunbelt.law,available,119.99,,high,low,7,name.com,,,
2b7624ec-a348-4c60-bfea-fd01442682fc,waiter.law,available,95.99,95.99,high,low,6,namesilo,,,
55089d7a-6326-47ed-a66b-7320317e1f2b,ambrosial.law,available,95.99,95.99,medium,low,9,namesilo,,,
6175eb35-23ab-4089-a7f8-71dbff168c84,sets.law,available,95.99,95.99,medium,low,4,namesilo,,,
9a22c764-9cef-4870-aa93-28027dccf852,ribbon.law,available,95.99,95.99,high,low,6,namesilo,,,
97e93021-71d8-4b8f-a351-d5d47532b11b,known.law,available,95.99,95.99,high,low,5,namesilo,,,
77dc7d19-b4cc-4cc3-8811-1f66f211bb09,eating.law,available,95.99,95.99,high,low,6,namesilo,,,08/09/2026 13:35
ed8e80f1-7701-4e4e-9545-a7a5124487e8,arcadian.law,available,95.99,95.99,high,low,8,namesilo,,,06/08/2026 14:10
fa8e7d9c-abda-4f6a-8922-e81a21c39131,yet.law,premium,412.5,,high,low,3,name.com,,,
113e9d95-d766-4c98-ab67-6f3278de11c7,greetings.law,available,95.99,95.99,high,low,9,namesilo,,,
95b4a66b-5c40-4788-b94c-fe8b3368c872,named.law,available,95.99,95.99,high,low,5,namesilo,,,
4ab3e275-9dee-424e-972e-040b572e5bba,earn.law,available,119.99,,high,low,4,name.com,,,
251091be-01f1-45cc-b6a5-6fe91250036a,scratched.law,available,95.99,95.99,medium,low,9,namesilo,,,
ea5d3ac7-3018-46bf-acfe-93ce3a3a4c64,grouping.law,available,119.99,,high,low,8,name.com,,,
1ecfad21-8527-4b56-860d-9ce1605d0f15,invincible.law,available,95.99,95.99,high,low,10,namesilo,,,
088d8e2f-ac6e-4c64-8348-385973e2aa2b,wig.law,premium,412.5,,high,low,3,name.com,,,
03c1e5e4-15a4-44e2-9275-beaf19964e71,acuate.law,available,95.99,95.99,medium,low,6,namesilo,,,
8b55ffc3-19fd-4374-a33a-e5c0466bb954,executing.law,available,95.99,95.99,high,low,9,namesilo,,,
8801cb80-299c-4d07-9795-574b8e5e5a58,saddle.law,available,95.99,95.99,high,low,6,namesilo,,,
69f9ca31-8acf-46bc-93af-da94da9d5a20,subjects.law,available,95.99,95.99,medium,low,8,namesilo,,,
fbdf5467-0fa0-41ef-bf28-5f72bd10aa09,much.law,available,95.99,95.99,high,low,4,namesilo,,,
681c2e5c-e0ea-41ff-89a3-6552dd42535a,assamese.law,available,95.99,95.99,medium,low,8,namesilo,,,07/08/2026 05:38
9c5f84d3-e7fe-4053-b1de-129acfd8e6bd,braless.law,available,95.99,95.99,low,low,7,namesilo,,,08/08/2026 18:29
f3c77f2f-8d96-4846-bd6d-626b265ac8bf,massive.law,available,95.99,95.99,high,low,7,namesilo,,,
3ac4a3cc-7f23-4b03-9c4f-e2a96b4a27fc,shoes.law,available,95.99,95.99,high,low,5,namesilo,,,
b135d213-5754-4a22-acd8-9c48da30480b,simpler.law,available,95.99,95.99,high,low,7,namesilo,,,
d3804228-b064-467d-8170-c1161a3624b2,section.law,available,95.99,95.99,high,low,7,namesilo,,,08/09/2026 06:07
10498372-e225-425a-bc4e-ccb4f6bb160f,bully.law,available,95.99,95.99,high,low,5,namesilo,,,08/08/2026 12:15
1011c9eb-8b0e-47e4-be3c-b10996e670df,utter.law,available,95.99,95.99,high,low,5,namesilo,,,
46531ddc-efb9-44ed-bae9-2a9b6c9dc7a8,kookie.law,available,105.98,130.98,medium,low,6,namecheap,,,06/08/2026 21:09
6945c6c4-8634-4832-99e3-65f669266f75,howso.law,available,95.99,95.99,medium,low,6,namesilo,,,
c68acd7f-8e3c-4b78-927e-475f1c299901,fervent.law,available,95.99,95.99,high,low,7,namesilo,,,06/08/2026 16:14
4c6549ba-c46b-491a-b224-74b6226e4313,tell.law,available,95.99,95.99,high,low,4,namesilo,,,
0736a59d-3b16-4dd7-8601-d45568df4ba6,concoct.law,available,95.99,95.99,high,low,7,namesilo,,,
849cd6ea-2c55-4fc0-a3fb-8ca783cec4e0,alpine.law,available,95.99,95.99,high,medium,6,namesilo,,,
d1b7ffd4-b96a-4db2-aa7e-94b6f3ea598e,sexual.law,available,95.99,95.99,high,low,6,namesilo,,,
afd6a527-c7b0-4b79-aab9-1dac729bfcb2,lava.law,available,95.99,95.99,high,low,4,namesilo,,,
6eb9ede6-7b3c-40c0-b1db-b74336546ff5,shush.law,available,95.99,95.99,high,low,5,namesilo,,,
a6cbabe9-7254-4faf-a32f-bee84fde6241,distinguished.law,available,95.99,95.99,high,low,13,namesilo,,,
77054b6b-5e83-4310-9703-9de14c9d5c09,xxxii.law,available,95.99,95.99,medium,low,5,namesilo,,,
58b251ab-e89c-4978-b5df-d60068506bb2,crabby.law,available,95.99,95.99,medium,low,6,namesilo,,,08/08/2026 07:43
a32db2ee-85f1-4e7b-8175-f0a87c677173,exhaustion.law,available,119.99,,medium,low,10,name.com,,,
ed459e25-a014-45d6-99bf-e9caf6fb91f0,baghdad.law,available,95.99,95.99,medium,low,7,namesilo,,,
6c3334f8-0f1c-4c82-9ea8-ef3cf1d02693,ascending.law,available,95.99,95.99,high,low,9,namesilo,,,07/08/2026 00:51
a7a2f7cb-8da5-4788-a641-0de79cdd1672,cxv.law,premium,412.5,151.99,high,low,3,name.com,,,
1f7ef199-0769-45e8-b7af-9882f5bf1f82,effect.law,available,95.99,95.99,high,low,6,namesilo,,,
f65cf09f-8043-45e4-907f-239971271836,roar.law,available,95.99,95.99,high,low,4,namesilo,,,
06478f23-49bf-4d2c-a32a-cf8f8ef2ad13,carribean.law,available,95.99,95.99,high,low,9,namesilo,,,
7d1e50de-25e5-44da-b42d-fea2daa15246,bud.law,premium,412.5,,high,low,3,name.com,,,
2f54a3a1-07ae-4cae-83b5-52abcacd1295,ambivalent.law,available,95.99,95.99,medium,low,10,namesilo,,,
d0ee1b95-3b11-4539-b15b-d3ca62a4da99,condense.law,available,95.99,95.99,high,low,8,namesilo,,,
72942a4d-b955-48b8-8d68-1e9c8e71bfd8,became.law,available,95.99,95.99,medium,low,6,namesilo,,,
8b7b6e49-7417-4ba9-97f9-4eafe6577da3,assistive.law,available,95.99,95.99,medium,low,9,namesilo,,,07/08/2026 06:40
7b0f529e-9649-4487-a8e3-33af8b68104a,xxxi.law,available,95.99,95.99,high,low,4,namesilo,,,
debb300f-85bb-4a00-a12d-43e3a09cd49f,becalmed.law,available,95.99,95.99,medium,low,8,namesilo,,,09/08/2026 06:03
d8f3552c-e454-4d7c-bf80-e7239f46d75e,coherently.law,available,95.99,95.99,high,low,10,namesilo,,,
1b82af5f-c9dd-4cae-9a57-3d35750bf867,abject.law,available,95.99,95.99,high,low,6,namesilo,,,
2457c855-b57b-42d3-9530-44269d2b84f9,timer.law,available,119.99,,high,low,5,name.com,,,
679abe07-1187-45a8-ae16-f28e9f5d30ca,customize.law,available,95.99,95.99,high,low,9,namesilo,,,
78c8d0f8-93f8-41c5-aa56-dec9d39d7dcc,alary.law,available,95.99,95.99,medium,low,5,namesilo,,,
d1decd2c-9a59-4585-be97-002798e180ed,possible.law,available,95.99,95.99,high,low,8,namesilo,,,
246b5217-4bf8-445b-a431-0315bc5b93aa,franks.law,available,95.99,95.99,high,low,6,namesilo,,,
2e82825b-8217-4ea8-b8bd-178d14deab87,conduction.law,available,95.99,95.99,high,low,10,namesilo,,,
72da4042-4dab-4be3-862b-423c05481b56,prolific.law,available,95.99,95.99,high,low,8,namesilo,,,
2ee88aa6-6a9c-4c86-a42e-4f789fddd0d7,bed.law,premium,412.5,,high,low,3,name.com,,,
4792d98d-3eed-4e43-a423-215aa2a49660,panes.law,available,95.99,95.99,medium,low,5,namesilo,,,
7ddae78f-9926-44d1-9c67-6d27b8022305,undisciplined.law,available,95.99,95.99,medium,low,13,namesilo,,,
7fe4ffe1-dd15-4425-ab23-1560cd51599a,purchase.law,available,95.99,95.99,high,low,8,namesilo,,,
1db4a61e-750c-4b2d-8aca-c2483db6d35f,shear.law,available,95.99,95.99,medium,low,5,namesilo,,,
f6419174-7b89-4370-a38f-de64324669f1,living.law,available,95.99,95.99,high,low,6,namesilo,,,
fb982b50-53da-43a2-a8b3-277c0c8db714,peachy.law,available,95.99,95.99,high,low,6,namesilo,,,08/08/2026 12:41
29ff6e46-9e56-4c0a-beef-4150859e0e55,adorables.law,available,95.99,95.99,high,low,9,namesilo,,,
41a5d437-37f3-444c-ad1d-9c3f2203dbaf,ashy.law,available,95.99,95.99,high,low,4,namesilo,,,07/08/2026 02:04
85e09bbb-2e71-4d4c-b0cc-6d0f85e82b20,ridden.law,available,95.99,95.99,high,low,6,namesilo,,,
4786fa50-6c1f-444a-9bd8-484290d33288,trounce.law,available,95.99,95.99,medium,low,7,namesilo,,,09/08/2026 05:27
25d46a51-7415-4639-a15f-a31b4aed57cd,rust.law,premium,412.5,,high,low,4,name.com,,,
2c9fce17-1993-4700-a0ae-566a26c430ab,deadline.law,available,119.99,,high,low,8,name.com,,,
360a2450-7e4e-419b-8c99-347c0d2797de,possess.law,available,95.99,95.99,high,low,7,namesilo,,,
10b05993-f3b9-49d3-939e-84c6ef7f8b56,ariled.law,available,105.98,130.98,medium,low,6,namecheap,,,06/08/2026 19:09
3966b6c6-8bc7-4ffc-914f-2cc304788e4a,arctic.law,available,95.99,95.99,high,low,6,namesilo,,,06/08/2026 16:07
3861122c-e55e-4bd2-aa5d-d6bcb9a684b3,voting.law,available,95.99,95.99,high,low,6,namesilo,,,
6cdf15ab-0586-43f4-8148-3d2235008958,balding.law,available,95.99,95.99,medium,low,7,namesilo,,,08/08/2026 09:35
0068471d-2fd1-4c79-ab71-68c2510302c6,seats.law,available,95.99,95.99,high,low,5,namesilo,,,
9ae5c89a-ae6c-4fdb-b9b6-0a36ec97ebeb,sport.law,premium,412.5,,high,low,5,name.com,,,
578955f5-c126-44c3-b0d2-9b9c52080c1d,wishful.law,available,95.99,95.99,medium,low,7,namesilo,,,07/08/2026 05:07
3dc9918c-f296-48dd-bab2-664e0c260d0c,ricefield.law,available,95.99,95.99,high,low,10,namesilo,,,
4ab828e4-b3aa-49c4-afd9-42665ec1ca68,lyrics.law,available,95.99,95.99,high,low,6,namesilo,,,
4d8643ca-4b75-457a-86cf-40c7729018d5,lightly.law,available,95.99,95.99,high,low,7,namesilo,,,
e06f90e3-67ae-4a47-8f93-1ec3be7456b4,apoplectic.law,available,95.99,95.99,medium,low,10,namesilo,,,06/08/2026 03:29
b7641a8a-3d06-49d6-bc6c-ec6727d88420,corner.law,available,95.99,95.99,high,low,6,namesilo,,,
13ca7f31-6792-4cc9-a084-33aaa1be8cbd,florid.law,available,95.99,95.99,medium,low,6,namesilo,,,07/08/2026 17:26
6b0164da-0c5f-4be9-9f4f-40dc0a953762,bastard.law,available,95.99,95.99,high,low,7,namesilo,,,08/08/2026 23:19
f079aa0f-f8a2-4ce4-8b46-71cb58d29700,sunbaked.law,available,95.99,95.99,medium,low,8,namesilo,,,
a8d025c2-8faa-4048-b575-cd0e7c823893,exclusively.law,available,95.99,95.99,high,low,11,namesilo,,,
0ee5a51f-3c4b-4720-95bb-c1e897f91f83,wrecked.law,available,95.99,95.99,high,low,7,namesilo,,,
30ff5455-c18b-42ec-bb37-1e9936c45ab8,lisboa.law,available,95.99,95.99,high,low,6,namesilo,,,
a05097e7-1b56-4357-b121-7ab0f7f3329e,rile.law,available,95.99,95.99,medium,low,4,namesilo,,,
943c884a-884a-4304-9d66-df8556fee940,agential.law,available,95.99,95.99,medium,low,8,namesilo,,,
4a8e7ca4-d16f-4de0-80be-b318ac340b33,indecent.law,available,95.99,95.99,medium,low,8,namesilo,,,
14485a3e-02c3-4a9e-a5da-8463a1271606,niece.law,available,95.99,95.99,high,low,5,namesilo,,,
096ab7ac-3da0-49c5-91fc-12b377dc7455,assertive.law,available,95.99,95.99,medium,low,9,namesilo,,,07/08/2026 05:59
c5990720-479f-4ba4-add9-77856cc5feb7,girl.law,available,119.99,,high,low,4,name.com,,,
51c11365-2950-49fb-b488-a55b07a74415,bum.law,premium,412.5,151.99,high,low,3,name.com,,,09/08/2026 10:49
d46737e6-d60f-4a67-a91f-446a21e2779c,hassle.law,available,119.99,,high,low,6,name.com,,,
2a1b7b72-8f49-4157-9bb1-6bf108e24ea4,transmit.law,available,119.99,,high,low,8,name.com,,,
69a08ff6-785a-414d-b44c-956bb6528327,accurst.law,available,95.99,95.99,medium,low,7,namesilo,,,
3378469e-e344-4f70-a62f-4e2062b1a328,sunlight.law,available,119.99,,high,low,8,name.com,,,
d8539a12-2361-41af-a0c2-75365cf010ff,update.law,available,95.99,95.99,high,low,7,namesilo,,,
85647d19-b7f6-4422-8f8e-f72b4d4f7144,barbed.law,available,95.99,95.99,medium,low,6,namesilo,,,08/08/2026 16:36
e3f5ccdf-b76a-4adf-a080-b111cbe84777,asocial.law,available,95.99,95.99,medium,low,7,namesilo,,,07/08/2026 04:36
4c93e7f1-c2bf-4eb0-8eed-46ffa05bcdfd,heel.law,available,95.99,95.99,high,low,4,namesilo,,,
9a0dd46a-42dc-474e-ba7b-66150d66bda4,ixc.law,premium,412.5,151.99,medium,low,3,name.com,,,
6bd88c22-90eb-4c20-8b1a-684234dcd8eb,songbird.law,available,95.99,95.99,high,low,8,namesilo,,,
a11d23eb-b46f-49cc-8241-c115e41fd40d,backhand.law,available,95.99,95.99,high,low,8,namesilo,,,08/08/2026 05:43
299a5852-0066-4ea3-87ce-3dbb4a652fb8,flaring.law,available,95.99,95.99,high,low,7,namesilo,,,
4b343c58-ed4c-461c-a877-0fac38b15b57,invitation.law,available,95.99,95.99,high,low,10,namesilo,,,
ccd637c7-eb33-4661-a56f-a24cf21c699f,whiteboard.law,available,119.99,,high,low,10,name.com,,,
99bf9c26-ee14-41b1-bfe5-a652c285c38d,bearded.law,available,95.99,95.99,high,low,7,namesilo,,,08/08/2026 16:05
27e389f3-e217-4157-aa3b-0954802a37fb,adagio.law,available,95.99,95.99,high,low,6,namesilo,,,
88626ef7-eada-444a-908b-c97b4bea3a8f,hearable.law,available,95.99,95.99,medium,low,8,namesilo,,,07/08/2026 16:35
899ee5b1-9308-43da-812e-2b975ebd6c60,barn.law,available,95.99,95.99,high,low,4,namesilo,,,
fd764e6a-2c15-43c2-83ac-0cf2779e66c6,whopping.law,available,95.99,95.99,high,low,8,namesilo,,,08/08/2026 13:14
0a6c6c80-0c80-4b09-9eae-caacf2afa46a,backstage.law,available,95.99,95.99,high,low,9,namesilo,,,08/08/2026 06:18
e3d685cd-201e-42bf-8295-df4c4fe0997c,understood.law,available,95.99,95.99,high,low,10,namesilo,,,
c3d3e5c1-4cf8-47ef-bc68-1bf3ac836076,jerking.law,available,95.99,95.99,high,low,7,namesilo,,,06/08/2026 21:58
d5273019-9b8f-40e3-9313-cf99ed82bcbb,ripening.law,available,95.99,95.99,high,low,8,namesilo,,,
13894d25-2967-4fa3-986b-d0666b4b4d16,mention.law,available,95.99,95.99,high,low,7,namesilo,,,
07b820ba-5dbb-416a-a231-e867a172a11b,pressed.law,available,95.99,95.99,high,low,7,namesilo,,,
83336ae7-c619-4329-841b-44e068f75ff2,curiously.law,available,119.99,,high,low,9,name.com,,,
c3f4c76e-c755-4e0e-982e-6a7290038702,neglect.law,available,95.99,95.99,high,low,7,namesilo,,,
d05f997c-a240-4b7e-bc1a-f674618b4634,xcv.law,premium,412.5,151.99,medium,low,3,name.com,,,
87d76e54-df54-472f-8600-1debf7a7f8be,stan.law,available,95.99,95.99,high,low,4,namesilo,,,
e7a606c8-33ca-4a7c-a773-adb70fb84f79,anytime.law,available,95.99,95.99,high,low,7,namesilo,,,
2aae10be-e5ef-43b1-8329-7004d58df865,searching.law,available,95.99,95.99,high,low,9,namesilo,,,
fbbda14f-d0a0-4783-a801-40af02f765bd,admissible.law,available,95.99,95.99,high,low,10,namesilo,,,
e203d31a-dc80-496b-9a48-5ee8ee41f739,additive.law,available,95.99,95.99,high,low,8,namesilo,,,
ad016d96-35ed-439c-ac9d-048f3e539b98,released.law,available,95.99,95.99,medium,low,8,namesilo,,,
2e55c870-5c6a-4beb-9ad7-5123c22b1ee0,relish.law,available,119.99,,high,low,6,name.com,,,
085afbd6-23d1-49d4-b81f-6d53feba9bf0,vacation.law,available,95.99,95.99,high,low,8,namesilo,,,
17b45f45-7ddc-4598-bae4-2e670f857efe,impromptu.law,available,105.98,130.98,high,low,9,namecheap,,,
7f912f2c-7222-4832-b100-46b2da19c000,camo.law,available,95.99,95.99,high,low,4,namesilo,,,
c5cb7428-3ed3-4ee4-89d5-d5f111528141,baseball.law,premium,5700,,high,low,8,name.com,,,
00af1bea-b9e3-4b80-9dfb-78600b839e08,thank.law,available,95.99,95.99,high,low,5,namesilo,,,
42f3bd51-0c4f-4ccd-af04-6d02ec493949,husband.law,available,95.99,95.99,high,low,7,namesilo,,,
39e7125a-5fa0-4b1a-b53c-cb10462199f5,sourcecode.law,available,95.99,95.99,high,low,11,namesilo,,,08/09/2026 07:26
65abf675-4ccc-4af3-8f37-25cd0917fd59,burry.law,available,95.99,95.99,medium,low,5,namesilo,,,08/08/2026 17:29
41f5cfe1-b447-454c-94ca-99a2c6071aac,shopping.law,available,95.99,95.99,high,low,8,namesilo,,,
3d39ef0b-33d0-4fce-b65a-93e885a54a44,soundlike.law,available,95.99,95.99,low,low,10,namesilo,,,
58d199a5-0b86-448a-a093-271df08f20a9,contend.law,available,95.99,95.99,high,low,7,namesilo,,,
a6fb2243-8f94-4639-8261-c0ecbfd52ea3,channels.law,available,95.99,95.99,high,low,8,namesilo,,,
637147f8-b6a6-4ad3-9141-c0f80e8fa85b,noise.law,available,95.99,95.99,high,low,5,namesilo,,,
24719764-e12e-4132-9329-a4cfea55d6d2,intricate.law,available,95.99,95.99,high,low,9,namesilo,,,
12994f20-3ec7-4937-a7ff-c9fdb08307d9,setting.law,available,119.99,,high,low,7,name.com,,,
c5200a47-11b9-46f9-8e2b-036ae720eab2,maidens.law,available,95.99,95.99,high,low,7,namesilo,,,
a5b5935f-d6c2-43ed-b872-6063f462d6a6,genuinely.law,available,95.99,95.99,high,low,9,namesilo,,,
3aa44714-132f-439d-87b9-91aadc21b99c,whiten.law,available,95.99,95.99,high,low,6,namesilo,,,
f75ac742-5cd1-4b09-8c39-f490bbfb5d3e,apnoeic.law,available,95.99,95.99,medium,low,7,namesilo,,,06/08/2026 00:46
d98be223-18ae-4606-ba79-72d1ddbe67aa,stands.law,available,95.99,95.99,medium,low,6,namesilo,,,
aef62fa1-e5ab-42a0-8b2d-756537aa5e74,ain.law,premium,412.5,151.99,high,low,3,name.com,,,
403fb814-1152-4b5c-937f-22f2b582f384,geometry.law,available,119.99,,high,low,8,name.com,,,
270e8abb-a36e-48e2-85bc-3ccfb016e526,copy.law,available,95.99,95.99,high,low,4,namesilo,,,
2fc96b69-c47f-41e4-945c-ed98c960ddf5,assiduous.law,available,95.99,95.99,high,low,9,namesilo,,,07/08/2026 06:09
3336f2ca-462b-49eb-927b-aeabf92dd82e,fanta.law,available,119.99,,high,low,5,name.com,,,
b5f86163-04d3-4a0a-b7df-3c7f82d6b305,acetonic.law,available,95.99,95.99,medium,low,8,namesilo,,,
378effc0-0c17-43a5-b56c-c4bbdc61c6d6,briary.law,available,95.99,95.99,medium,low,6,namesilo,,,08/08/2026 17:02
9fa92202-950e-4a64-9bc1-73a68bd23577,taipei.law,available,95.99,95.99,high,low,6,namesilo,,,
24b1a8a9-999a-4d3b-a784-c62acd377485,mat.law,premium,412.5,151.99,high,low,3,name.com,,,08/09/2026 07:48
7bd7c5a2-2f98-4a78-a307-8104f506f95d,prototypal.law,available,95.99,95.99,medium,low,10,namesilo,,,06/08/2026 15:37
990343c4-35ef-4fd4-b596-c5bc756e5266,exonerated.law,available,95.99,95.99,high,low,10,namesilo,,,
051c9a84-8218-4916-be6e-2f1d2df3cebd,initially.law,available,95.99,95.99,high,low,9,namesilo,,,
235a383f-6dd6-468c-86c6-27644c4b9142,exhibit.law,available,95.99,95.99,high,low,7,namesilo,,,
3b3d5c47-ebae-4100-a1bb-37aab8a101b6,objects.law,available,119.99,,medium,low,7,name.com,,,
cf6da699-7ecb-428f-8080-25d40e5bb8b2,aloof.law,available,95.99,95.99,medium,low,5,namesilo,,,
d531a641-28b9-4d8d-8b72-b8449cb64564,deserted.law,available,95.99,95.99,high,low,8,namesilo,,,
f0ec6bbb-a041-48db-af63-154e88c10a68,yield.law,available,95.99,95.99,high,low,5,namesilo,,,
5941e0af-2e37-4f59-8d54-df8b1c4f9135,terminating.law,available,95.99,95.99,medium,low,11,namesilo,,,08/09/2026 14:51
734d4f81-c68a-4e42-9fac-81bb95d61d7a,document.law,available,119.99,,high,low,8,name.com,,,
69a301e6-27b5-4683-816b-6cbc730d7c5d,astatic.law,available,95.99,95.99,medium,low,7,namesilo,,,07/08/2026 08:36
a173a482-4309-4c0f-8a46-41756ac57c8a,courage.law,available,119.99,,high,low,7,name.com,,,
bcb79c4f-cf62-4184-914c-f822d373894c,supposedly.law,available,95.99,95.99,medium,low,10,namesilo,,,
1f3e16d4-c6f3-49db-bbaa-5632915ac954,joy.law,premium,412.5,,high,medium,3,name.com,,,
a80a47a1-e87b-4cde-a8f1-8d4ec628380b,graph.law,available,,,high,low,5,,,,
34a669ce-99d1-4c9c-8a21-d8f16853a788,tap.law,resell,,,high,medium,3,"GoDaddy.com, LLC",24/04/2020 11:38,24/04/2027 11:38,
6b72ee27-c138-4dd9-8567-e1a2a7ccc015,figures.law,available,95.99,95.99,medium,low,7,namesilo,,,
a208f073-d9d5-40cb-ba72-9d2daea6cf8c,where.law,available,95.99,95.99,high,low,5,namesilo,,,
e67f03a9-65d5-4fca-9afa-592a54edc152,grabby.law,available,95.99,95.99,medium,low,6,namesilo,,,07/08/2026 21:58
0a72e688-b249-40bb-96c2-00bfd26981b1,rang.law,premium,412.5,,medium,low,4,name.com,,,
0705043f-0e85-40d2-bb0e-ca97df635eea,reader.law,available,95.99,95.99,high,low,6,namesilo,,,
d20925ee-fcd6-4301-ba6d-01227488ee99,indoaryan.law,available,95.99,95.99,medium,low,10,namesilo,,,06/08/2026 23:56
315e1e23-5ab3-496c-8270-d9181836f771,currency.law,available,119.99,,high,low,8,name.com,,,
b4beb34d-102f-480a-9b38-e96b35a0e9c2,alto.law,available,95.99,95.99,high,low,4,namesilo,,,
85e9c4ce-ad5c-41a9-8979-5bca512bccce,wax.law,premium,412.5,,high,low,3,name.com,,,
86a21a6b-1bbe-4fa1-9f48-c636482c35f2,wine.law,premium,1150,,high,low,4,name.com,,,
5afe8fc4-0d36-4396-87a9-133a356fc0d4,understandable.law,available,95.99,95.99,high,low,14,namesilo,,,
e3ebe450-6a88-4326-893a-38992659a32e,recent.law,available,95.99,95.99,high,low,6,namesilo,,,
033225de-f50b-42c8-bbe7-93d3c60597d9,consultive.law,available,95.99,95.99,high,low,10,namesilo,,,
b4e2a403-e86c-4dc7-9117-8d2d3a5884f1,none.law,available,95.99,95.99,high,low,4,namesilo,,,
c469a3bd-9185-49e9-ad4a-ec8b17064308,annoy.law,available,95.99,95.99,high,low,5,namesilo,,,
72698a36-df8b-45c8-b6db-a809c51323bb,baneful.law,available,95.99,95.99,low,low,7,namesilo,,,08/08/2026 09:44
5082310a-0ce6-444c-a170-7de955ae9508,promoter.law,available,95.99,95.99,high,low,8,namesilo,,,
d9f3c760-af62-46bc-82fb-3447f86dbf0e,glittery.law,available,95.99,95.99,high,low,8,namesilo,,,
6a4bd474-2390-4fc9-9ae2-8f909e39b6de,campaigning.law,available,95.99,95.99,high,low,11,namesilo,,,
8b49f7fc-e0e7-47ac-b464-caf981bfed7e,airworthy.law,available,95.99,95.99,high,low,9,namesilo,,,
23b0aa2e-1a5f-477e-b876-c0f6420946de,grandpa.law,available,119.99,,high,low,7,name.com,,,
bf2cb83f-95c8-48ca-82ed-a4b0da61ffbf,never.law,available,95.99,95.99,high,low,5,namesilo,,,
ef74c125-0566-4c33-9d5b-d47473bc837d,apposite.law,available,95.99,95.99,medium,low,8,namesilo,,,06/08/2026 07:53
5ece609d-2b26-44e2-a284-17cc76d220f7,decorous.law,available,95.99,95.99,medium,low,8,namesilo,,,09/08/2026 06:21
ce28fff1-c741-461d-8d68-f5b57ba3eb98,gaffer.law,available,95.99,95.99,high,low,6,namesilo,,,
b7b7326d-cbfc-45e5-8b4d-a6eab0f82317,allegretto.law,available,95.99,95.99,high,low,10,namesilo,,,
0eaca434-377c-4394-b820-30072bf3e3ea,themself.law,available,95.99,95.99,medium,low,8,namesilo,,,
0650c2cb-e99d-4ef4-81f0-edfc699f9948,urge.law,available,95.99,95.99,high,low,4,namesilo,,,
7f201e9f-35b2-4673-a0ef-d5940b8127b0,grandad.law,available,119.99,,high,low,7,name.com,,,
4890a8a9-007a-4022-a5ee-d975e249c8f9,albescent.law,available,95.99,95.99,medium,low,9,namesilo,,,
910663a0-0c2e-4097-bf9a-c57f8bb06c8e,smelling.law,available,95.99,95.99,high,low,8,namesilo,,,
c057ca39-19c3-4f95-943b-29da58b885cf,niner.law,available,95.99,95.99,high,low,5,namesilo,,,
e53aa524-90dd-45bb-8c0b-1b2ec0c37fd1,language.law,available,95.99,95.99,high,low,8,namesilo,,,
729b7768-21e0-4a3b-8fb0-3235dccf797b,obtained.law,available,95.99,95.99,medium,low,8,namesilo,,,
8bc0d044-d078-4b1c-9ffc-4a8b952f0de0,concentrated.law,available,95.99,95.99,high,low,12,namesilo,,,
274af4e9-b77c-4746-af80-29ff6f74cc86,sell.law,available,95.99,95.99,high,medium,4,namesilo,,,
b9d2990e-7222-4943-b50a-d29bb12fd30e,packed.law,available,95.99,95.99,high,low,6,namesilo,,,
b4b9b6ec-a834-462f-a703-5e34d04ecb79,nyc.law,premium,3199,266,high,low,3,namecheap,,,
626bb6b2-95eb-4b71-80ef-154c1fe578fa,volcano.law,available,95.99,95.99,high,low,7,namesilo,,,
af60af09-7fb6-4d5b-8e78-0b3c759d76cf,greet.law,available,95.99,95.99,high,low,5,namesilo,,,
0c5d955d-9423-4c4e-b821-a52f8a84da5d,aflame.law,available,95.99,95.99,high,low,6,namesilo,,,
9e488097-6346-406b-b717-c46958b9409a,laundry.law,available,95.99,95.99,high,low,7,namesilo,,,
4d09f61e-81bc-438c-b694-a9ef446efc44,truffle.law,available,95.99,95.99,high,low,7,namesilo,,,
abe0442d-8b53-4447-93fa-a7eef09711ed,accountability.law,available,95.99,95.99,high,low,14,namesilo,,,
edd00730-1bca-4857-94db-a62d2f3c6335,pleased.law,available,95.99,95.99,high,low,7,namesilo,,,
822468ec-403d-43a2-8471-43ad661a227c,obtain.law,available,95.99,95.99,high,low,6,namesilo,,,
4746b4e7-c52e-44f4-a0f1-45ff8d0bc4ee,memorable.law,available,95.99,95.99,high,low,9,namesilo,,,
abb4e0c8-334b-45c4-a679-108d0b8dfacd,rectangle.law,available,95.99,95.99,high,low,9,namesilo,,,
c6e329a3-a939-4167-af27-fe2caa346867,expecting.law,available,95.99,95.99,high,low,9,namesilo,,,
d032b779-f40d-4bd0-8c44-140280184d48,change.law,resell,,,high,medium,6,"Name.com, Inc.",10/05/2020 15:11,10/05/2027 15:11,
469edcf3-b202-457b-95bc-df8125286fb3,should.law,available,119.99,,high,low,6,name.com,,,
b36db16b-f773-4eba-92e6-0c2b0e8e065c,widen.law,available,95.99,95.99,high,low,5,namesilo,,,
6ac13c96-9593-4374-a71e-bb826bd2bfd0,everbody.law,available,95.99,95.99,medium,low,8,namesilo,,,
d14eff21-d7b9-4d20-afd8-dc9de1622e50,sea.law,premium,412.5,,high,low,3,name.com,,,
46ee8879-d442-452c-8526-853f5bbc2e7c,aching.law,available,95.99,95.99,medium,low,6,namesilo,,,
58295e37-aaa6-4458-aea7-b3ac68ed0959,clicking.law,available,95.99,95.99,high,low,8,namesilo,,,
0501da80-6bc7-46cb-9bd0-e151ba665c7e,oklahoma.law,premium,412.5,,high,low,8,name.com,,,
dff37e5f-2532-4123-a56f-4d3d0e21c5cb,respond.law,available,119.99,,high,low,7,name.com,,,
ff541bd7-0c5a-4034-8b50-a1e14320f067,pentium.law,available,95.99,95.99,high,low,7,namesilo,,,
e9bc1ca6-22b3-47d1-bf6d-7b27e5f0e012,grownup.law,available,95.99,95.99,high,low,7,namesilo,,,
2797fa68-2042-40fe-8cac-595d3050d151,monitoring.law,available,119.99,,high,low,10,name.com,,,
e4e54aa0-0c0c-403e-8d18-1ee7ebfc262d,duke.law,available,,,high,medium,4,,,,
0d7f36fd-1631-485d-a823-081ad99f7036,lgbtq.law,available,95.99,95.99,high,low,5,namesilo,,,
0cce694a-c352-45a6-8ee9-f4ab8518ab3a,ahorseback.law,available,105.98,130.98,medium,low,10,namecheap,,,
24eb23b5-0853-47cf-8e5c-7e1cef0f4785,identified.law,available,95.99,95.99,high,low,10,namesilo,,,
32fc8589-0454-48c5-8dd1-a8dfe03b04e2,trained.law,available,95.99,95.99,high,low,7,namesilo,,,
ebbdfbec-7bf3-4da2-a4e8-06acb8f4aba8,tons.law,available,119.99,,high,low,4,name.com,,,
a8c96219-3beb-4124-9459-92e40196a6c2,sensational.law,available,95.99,95.99,high,low,11,namesilo,,,
7a9a2728-6f09-4c40-93b4-60e029f45e67,diploma.law,available,95.99,95.99,high,low,7,namesilo,,,
734852fb-3231-498f-9fb7-55ff56e63f47,experienced.law,available,95.99,95.99,high,low,11,namesilo,,,
bd4cf7c6-c8eb-48cb-ab11-efb0213f5434,communicate.law,available,95.99,95.99,high,low,11,namesilo,,,
a3ccd3f5-17f3-455a-8423-584132af5936,also.law,available,95.99,95.99,high,low,4,namesilo,,,
c5ae7581-269b-4413-93bf-62c9ab5e9ead,arachnoid.law,available,95.99,95.99,medium,low,9,namesilo,,,06/08/2026 11:41
17640f68-a46e-4036-b03f-e677044d28db,alky.law,available,95.99,95.99,medium,low,4,namesilo,,,
dfe69803-0619-41fd-9bf1-e6c584c6ebb4,nearest.law,available,95.99,95.99,high,low,7,namesilo,,,
ea3a7207-bd14-4574-8612-c9f80d05a912,airlike.law,available,95.99,95.99,high,low,7,namesilo,,,
af142d61-a33f-4514-a6b7-36a174761268,nettled.law,available,95.99,95.99,medium,low,7,namesilo,,,
d1a2f06f-fced-4220-a29d-55d2211c9d53,sitting.law,available,95.99,95.99,high,low,7,namesilo,,,
4344e0c6-9615-44f2-b825-764328a935a0,informed.law,available,95.99,95.99,high,low,8,namesilo,,,
3fe135f3-7289-41b1-b08c-36c34262d3c6,astound.law,available,95.99,95.99,high,low,7,namesilo,,,
d5d26cd8-5853-48af-90a7-34dfea1ecc7e,dive.law,premium,412.5,,high,low,4,name.com,,,
ebbbbba3-4d52-487e-ae9e-fd87edad4b9b,come.law,available,95.99,95.99,high,low,4,namesilo,,,
dc46e504-e974-450b-98ae-4e3ccd19c547,slacking.law,available,119.99,,medium,low,8,name.com,,,
0ad2e317-274b-42b9-99fc-c03313c2c528,environmental.law,resell,,,high,low,13,101domain GRS Limited,04/02/2020 20:24,04/02/2027 20:24,
3c9ccaaf-c7e8-4875-ab15-716a0c46218b,nan.law,premium,412.5,,high,low,3,name.com,,,
6bba1f87-618e-460a-b820-7e24d2d26e00,cleverly.law,available,95.99,95.99,high,low,8,namesilo,,,
1aafff3b-bf22-4714-962b-bab0145130b9,experience.law,available,95.99,95.99,high,low,10,namesilo,,,
28a7d84c-fa7b-4266-abfb-7c41128ba214,size.law,available,95.99,95.99,high,low,4,namesilo,,,
a1ee5ff5-9252-4737-b1f0-4a9c7ea64fd3,abused.law,available,95.99,95.99,high,low,6,namesilo,,,
44cc6384-9356-42c1-ab19-94b1c4012d14,annotated.law,available,95.99,95.99,high,low,9,namesilo,,,
4e159805-299c-4ebe-bf0f-e87337aebe87,corresponding.law,available,95.99,95.99,high,low,13,namesilo,,,
a2537e1e-882d-4fef-b09d-b0431289d4f9,letters.law,available,95.99,95.99,high,low,7,namesilo,,,
3cfa9b66-eafb-4d28-b423-305396091c42,hungry.law,available,95.99,95.99,high,low,6,namesilo,,,
c65ed363-e281-4a38-adef-932764c762eb,influential.law,available,95.99,95.99,high,low,11,namesilo,,,08/09/2026 05:20
7d647a46-247e-4613-bba8-221b449dc383,algerian.law,available,95.99,95.99,high,low,8,namesilo,,,
8e9851f7-4959-4a93-8c57-938754334c8c,holes.law,available,95.99,95.99,high,low,5,namesilo,,,
02ba4aee-fe84-49f9-b602-b46b785973ae,speaker.law,available,95.99,95.99,high,low,7,namesilo,,,
a78ba384-baae-43ee-ba4e-7acb919324c8,lxi.law,premium,412.5,151.99,medium,low,3,name.com,,,
93de646c-a67c-4200-8015-31cebdba328a,quarters.law,available,95.99,95.99,high,low,8,namesilo,,,
c55437d6-d03a-4d63-b7ec-562d5338cb3d,bucolic.law,available,95.99,95.99,high,low,7,namesilo,,,06/08/2026 14:14
4e36b213-31a9-4600-8d27-85553b00621f,hedge.law,available,95.99,95.99,high,low,5,namesilo,,,
752af786-a601-42a6-9ee9-b0c178b6450e,spin.law,available,95.99,95.99,high,low,4,namesilo,,,
2b8eb99f-f6a5-476f-a7b6-bc372ca68155,zesty.law,available,105.98,130.98,high,low,5,namecheap,,,08/08/2026 20:02
4ca9603f-749f-43c3-a36e-9cbe44c7f8c2,modal.law,available,95.99,95.99,high,low,5,namesilo,,,
092d5641-3ac1-4789-9eb3-ec0ca95dd996,shortfall.law,available,119.99,,high,low,9,name.com,,,
62bf9a82-d5de-4c4b-91e7-d74a3bc8df7f,upward.law,available,95.99,95.99,high,low,6,namesilo,,,
33d03412-999a-490a-af3b-1c1be99b016c,leg.law,premium,412.5,,high,low,3,name.com,,,
158b6846-0f12-4587-bad2-1ea1aa6506f3,ascendant.law,available,95.99,95.99,high,low,9,namesilo,,,
e42383d3-6d56-4513-bb60-1624bfeeedf9,blob.law,available,95.99,95.99,high,low,4,namesilo,,,
f0f46987-db89-4bbd-8fcf-91278a20cba1,inspired.law,available,95.99,95.99,high,low,8,namesilo,,,
c0b46b2f-7e01-4f8f-acd5-e349d4d62417,dominance.law,available,95.99,95.99,high,low,9,namesilo,,,
bae20651-34d6-4a3a-8802-fcd6242f27fd,froze.law,available,95.99,95.99,medium,low,5,namesilo,,,
4b2ac173-1041-49a5-b9fd-5e66b66b5f07,warrant.law,available,95.99,95.99,high,low,7,namesilo,,,08/09/2026 08:40
3cbdc16a-f33f-4b0b-8ec3-82d41d461fee,sheet.law,available,95.99,95.99,high,low,5,namesilo,,,
dfb0623f-2bc1-486b-9a4f-8bdf75a3ff24,did.law,premium,412.5,,high,low,3,name.com,,,
d610c51f-c891-4f4b-9b77-f586d5af75ed,milk.law,available,119.99,,high,low,4,name.com,,,
102619b9-9d3b-44a4-8519-73fc88afa463,unimportant.law,available,95.99,95.99,medium,low,11,namesilo,,,
425f2ed4-7186-47cd-aae3-9ac672166379,request.law,available,95.99,95.99,high,low,7,namesilo,,,
f123d6b9-4df6-464a-b290-c9a706e31034,acicular.law,available,95.99,95.99,medium,low,8,namesilo,,,
8629c57b-7109-4643-ab80-bcf669be22d1,aboard.law,available,95.99,95.99,high,low,6,namesilo,,,
982edfd5-2829-4c09-a172-972be2f618cb,typically.law,available,95.99,95.99,medium,low,9,namesilo,,,
7c2a69ee-e9a3-4684-a5d5-114b0fee8fb3,south.law,available,95.99,95.99,high,low,5,namesilo,,,
2a724cf5-a55b-4f16-a4f4-62a7a59d7ce9,catch.law,available,95.99,95.99,high,low,5,namesilo,,,
a71be09a-1155-4666-960f-97b8835eee00,ill.law,premium,412.5,,high,low,3,name.com,,,
d6679890-9d9d-4033-8bb7-8cef3c2dd94e,broached.law,available,95.99,95.99,high,low,8,namesilo,,,
b2fa3825-0221-4dfb-ba56-3a99a0bacf1f,stung.law,available,95.99,95.99,medium,low,5,namesilo,,,
ba620452-3a67-4162-814d-adf734cba9a7,taken.law,available,95.99,95.99,high,low,5,namesilo,,,
d65ede9b-76f4-4ebf-a153-5f634200f194,month.law,available,95.99,95.99,high,low,5,namesilo,,,
41852583-ba63-4692-8951-858ccd3b8f7c,bones.law,available,119.99,,high,low,5,name.com,,,
26f70e69-efd0-41a9-a4be-41f9cba48278,deflation.law,available,95.99,95.99,high,low,9,namesilo,,,
8b0919f9-ab8a-48e6-bd53-9ee2f23ab5f3,linked.law,premium,412.5,,high,low,6,name.com,,,
3fa6fe58-1fce-460c-a4ae-f7556e0bc5fd,albinotic.law,available,95.99,95.99,medium,low,9,namesilo,,,
031a3670-674c-4e4b-8c53-76f421697af4,oar.law,premium,412.5,,high,low,3,name.com,,,
26af69ec-9389-4ee0-99f0-41bd70f2112b,beguiled.law,available,95.99,95.99,medium,low,8,namesilo,,,09/08/2026 09:46
ce22c73c-3539-469f-a240-682927c4f089,acne.law,available,95.99,95.99,high,low,4,namesilo,,,
1f464261-6b4e-43ea-b8a8-7edeaeec4541,adequately.law,available,95.99,95.99,high,low,10,namesilo,,,
5606013b-1663-4970-8dac-305ab320eea9,detour.law,available,95.99,95.99,high,low,6,namesilo,,,
8c425fa9-f40f-4554-beb4-45731ab5c7c0,frequently.law,available,119.99,,high,low,10,name.com,,,
83b77448-c587-4184-bb01-2b9095a2861f,adorned.law,available,95.99,95.99,high,low,7,namesilo,,,
45d3e3b5-9791-44b6-8a40-b419e79638dc,adios.law,available,95.99,95.99,high,low,5,namesilo,,,
bc55bd37-bb67-4b87-9338-10b71981031c,anodal.law,available,95.99,95.99,medium,low,6,namesilo,,,
f5f425fd-54df-4d9c-b93c-9a68195378fe,thumping.law,available,95.99,95.99,high,low,8,namesilo,,,08/08/2026 13:08
26cf9cc0-3e76-4bff-8fd2-a99d0709d93d,erupt.law,available,95.99,95.99,high,low,5,namesilo,,,
8c918d8c-e60e-43de-81a4-33b7db1117e2,fog.law,premium,412.5,,high,low,3,name.com,,,
32453744-1246-419d-9511-75c39cfdbba6,are.law,premium,412.5,,high,low,3,name.com,,,
d4edadf3-8f95-4958-918b-3a87c2564699,adscript.law,available,95.99,95.99,medium,low,8,namesilo,,,
c9835514-0466-4e8e-a5b2-8adeeb54202b,helping.law,available,95.99,95.99,high,low,7,namesilo,,,
517bfe69-7cc7-4235-9b65-4f80e78de96a,aeriform.law,available,95.99,95.99,medium,low,8,namesilo,,,
d1d610c4-31b8-4d7c-a291-d1e940638ebd,blowout.law,available,119.99,,high,low,7,name.com,,,
446e3d7c-8d92-4247-8c55-4c568fae8644,seem.law,available,95.99,95.99,high,low,4,namesilo,,,
acb32858-a6a5-43c9-a0d5-feb503e6a980,unveil.law,available,95.99,95.99,high,low,6,namesilo,,,
d13506ea-90c6-4d17-8a16-90e40e1b07d2,bluetooth.law,available,119.99,,high,low,9,name.com,,,
eac40e93-f0cd-4f03-b76b-e2f4762d02ed,respectively.law,available,95.99,95.99,high,low,12,namesilo,,,
f6c80e1b-9241-48e8-8342-1d73f8956327,traveled.law,available,95.99,95.99,high,low,8,namesilo,,,
cd75e82c-65b3-41ef-8465-4b945ab9e3d1,began.law,available,95.99,95.99,medium,low,5,namesilo,,,
d0e291a7-f9bb-494e-9fa9-862ee159bdb8,liam.law,available,95.99,95.99,high,low,4,namesilo,,,
7412c5e6-1b58-4dc9-9805-b8942270a869,getting.law,available,95.99,95.99,high,low,7,namesilo,,,
b77873ee-2232-4113-aad4-bcc1b64aedb8,backless.law,available,95.99,95.99,medium,low,8,namesilo,,,08/08/2026 05:48
55a688fb-30fe-4980-bece-ff036d8b6081,europe.law,available,,,high,low,6,,,,
fa9d59c3-5412-43cd-b444-0698ec5a1538,owe.law,premium,412.5,,high,low,3,name.com,,,
6f55fc30-dc99-404a-bf15-077d1d7ad8d2,satisfy.law,available,95.99,95.99,high,low,7,namesilo,,,
9c5f0a85-b956-4483-a4ba-fb361a0c8f59,cucumber.law,available,119.99,,high,low,8,name.com,,,
52a56d95-ba21-4ae2-97dd-a653cc6ecd3d,parched.law,available,95.99,95.99,medium,low,7,namesilo,,,
e8ec02c5-075b-40a6-86d7-5c0036aead35,increasing.law,available,95.99,95.99,high,low,10,namesilo,,,
1b0dfa8f-8d94-40c2-b521-df2add83f0e1,turned.law,available,95.99,95.99,high,low,6,namesilo,,,
5a4f28a6-00d4-4e6c-850f-99b3bbb36808,lower.law,available,95.99,95.99,high,low,5,namesilo,,,
bb7ef8e7-99be-4e98-abbf-2f4eb2fb02f6,congestion.law,available,95.99,95.99,high,low,10,namesilo,,,
1bc89ef6-04ac-470d-bc6f-82a27f204f4b,furtive.law,available,95.99,95.99,medium,low,7,namesilo,,,08/08/2026 06:32
d0390206-144c-4dfb-9041-1661cedb6f3e,retina.law,available,95.99,95.99,high,low,6,namesilo,,,
2cf660ef-06ee-43ad-9dd3-7df677f05014,involving.law,available,95.99,95.99,medium,low,9,namesilo,,,
7190aa83-d423-4020-8999-31a1a603bb04,diving.law,available,95.99,95.99,high,low,6,namesilo,,,
69587341-c396-4d10-89a9-7bae5fb83d58,expression.law,available,95.99,95.99,high,low,10,namesilo,,,
d2caad17-ec48-4490-95c6-008230275166,armorial.law,available,95.99,95.99,medium,low,8,namesilo,,,06/08/2026 20:15
6ee9261b-4a90-4ee1-9bea-3fab1dc436d9,ancestor.law,available,95.99,95.99,high,low,8,namesilo,,,
0ffb4a4f-d891-457e-851a-491ee09d6cc2,enthralled.law,available,95.99,95.99,medium,low,10,namesilo,,,09/08/2026 10:06
f32a1743-59c4-43f0-8e3c-f81177814557,rebellion.law,available,95.99,95.99,high,low,9,namesilo,,,
36a9e477-54ce-41e2-a1c9-ccd1ca9236cd,actinon.law,available,95.99,95.99,medium,low,7,namesilo,,,
193be631-42ab-435c-98b9-ed38218bea76,chiliad.law,available,95.99,95.99,high,low,7,namesilo,,,
2a50879f-8958-4f0d-b2e9-81a49864f32b,congregation.law,available,95.99,95.99,high,low,12,namesilo,,,
c3e77e0a-a0d8-46df-9ec0-8611a3765d7f,selected.law,available,95.99,95.99,high,low,8,namesilo,,,
9a8cd92c-0f0a-4d99-bcd9-20da75ee5ff6,suggest.law,available,95.99,95.99,high,low,7,namesilo,,,
fd8d717e-166f-42db-bd25-41186815b1ac,moral.law,available,95.99,95.99,high,low,5,namesilo,,,
d1727bad-ff46-4194-a1c8-c372e719a1dc,anti.law,available,95.99,95.99,high,low,4,namesilo,,,
aaabb5b1-21ca-402a-8cc3-167ba1d5d957,babyish.law,available,95.99,95.99,medium,low,7,namesilo,,,08/08/2026 03:53
5bbece6d-fee8-4521-a719-b7e5db41ff99,disadvantage.law,available,95.99,95.99,high,low,12,namesilo,,,
1617d4f7-7970-4fe1-a15e-8a5bf2491e38,whoreson.law,available,95.99,95.99,low,low,8,namesilo,,,08/08/2026 23:43
09e50fb3-b11a-43b8-92fb-1a1724f780fd,unpaid.law,available,95.99,95.99,high,low,6,namesilo,,,
562accc4-c174-42a0-a6b7-3ca97c5d942e,altruism.law,available,95.99,95.99,high,low,8,namesilo,,,
9c0b7ac9-9409-4ef4-a1a5-46cecad1ba48,noticed.law,available,95.99,95.99,high,low,7,namesilo,,,
af24eedf-e121-412e-82bf-6aa6b1eb55c7,cockpit.law,available,95.99,95.99,high,low,7,namesilo,,,
aec9338a-2a9a-43a0-90b4-a6a237df00f4,unquestionable.law,available,119.99,,medium,low,14,name.com,,,
a89a519d-7f11-4355-85e7-b37ee7394123,rid.law,premium,412.5,,high,low,3,name.com,,,
4fddf44a-25a9-43a9-a290-affde81ad772,omit.law,available,95.99,95.99,high,low,4,namesilo,,,
499e7563-74d8-4853-a422-b603ce59301b,lxxiv.law,available,105.98,130.98,medium,low,5,namecheap,,,
8705f8d2-78cf-49c0-94ed-5ae62ae44077,tbd.law,premium,412.5,,high,low,3,name.com,,,
3bad587e-0f80-43da-8738-cd26c9970d23,headteacher.law,available,119.99,,high,low,12,name.com,,,
f5e55329-ea34-464a-89c9-7cd345b17d7f,ablated.law,available,95.99,95.99,medium,low,7,namesilo,,,
90b24ae5-2c59-4a17-96de-146ee2ba2afe,puzzled.law,available,95.99,95.99,high,low,7,namesilo,,,07/08/2026 10:53
c7ba955a-0cba-4625-9f16-dc3770120b61,overall.law,available,95.99,95.99,high,low,7,namesilo,,,
8cd03647-9f46-4d9b-8621-67af5c296624,roger.law,available,95.99,95.99,high,low,5,namesilo,,,
3ec6f51f-86d6-4814-a893-5fef6cc21a54,shrimp.law,available,119.99,,high,low,6,name.com,,,
6d348965-ab72-4c9c-9a51-18cb2df48b74,perfectly.law,available,95.99,95.99,high,low,9,namesilo,,,
720514e2-dc8c-4181-aab0-616ce639accd,conjunction.law,available,95.99,95.99,high,low,11,namesilo,,,
573445c7-8a57-4794-9afd-9432a69089a4,apodictic.law,available,95.99,95.99,medium,low,9,namesilo,,,06/08/2026 01:27
3abab4c7-efe5-4d34-9029-7077afe893a1,accusing.law,available,95.99,95.99,high,low,8,namesilo,,,
f9a4b98b-f43e-4fb1-a0f5-216e4c318eca,restricted.law,available,119.99,,high,low,10,name.com,,,
8c68702f-7fac-4a2f-abe3-b019d3b7e5b7,ninety.law,available,105.98,130.98,high,low,6,namecheap,,,
e1242c09-13cf-46f7-97c3-4f6d579ff331,cookie.law,available,95.99,95.99,high,low,6,namesilo,,,
31b086d3-8743-42bd-9a77-5811582a98f7,chain.law,resell,,,high,low,5,"NameCheap, Inc.",02/01/2022 17:42,02/01/2027 17:42,24/09/2026 07:38
3e42f366-f1c1-4461-ac87-2063b37466ca,scheme.law,available,95.99,95.99,high,low,6,namesilo,,,
09a6aa01-2cae-40a6-93ae-73608d204935,existent.law,available,105.98,130.98,high,low,8,namecheap,,,
03b47b3c-f251-467f-bbbe-cf22bf226ad3,choc.law,available,95.99,95.99,high,low,4,namesilo,,,
bad6e71b-bfe7-423c-8ccb-9c8170e5461f,exec.law,available,95.99,95.99,high,low,4,namesilo,,,
30dabfc1-2ae3-4ed1-9b73-a21d9f571ffa,convinced.law,available,95.99,95.99,high,low,9,namesilo,,,
eff8ed88-ec05-41dd-8939-414fede976e1,diverting.law,available,95.99,95.99,medium,low,9,namesilo,,,
61bdabc3-106d-41ec-b4ed-4afd8e951f91,aleut.law,available,95.99,95.99,high,low,5,namesilo,,,
8ff44ac2-ec35-45a1-a14f-e7f690a7504f,aerial.law,available,95.99,95.99,high,low,6,namesilo,,,
08721383-0f4d-4317-b390-c3cd16a757e7,ruled.law,available,119.99,,high,low,5,name.com,,,
592955e8-ba0b-4e12-ae3f-15edc947bbce,bated.law,available,95.99,95.99,medium,low,5,namesilo,,,09/08/2026 00:22
900063d9-73b2-4e2a-bdbd-5532cbc7220a,speeding.law,available,95.99,95.99,high,low,8,namesilo,,,
bfb4f4a6-0012-498f-80b9-2057c62a8305,indifferent.law,available,95.99,95.99,high,low,11,namesilo,,,
de89346f-7348-4c89-82fd-8a3bcf69cd38,saler.law,available,95.99,95.99,high,low,5,namesilo,,,
4be6e55b-48bb-430b-9fe8-8645144860ac,golf.law,premium,5700,,high,medium,4,name.com,,,
693f8e07-2be7-41e8-a6c0-43fd589d9dc6,overhead.law,available,95.99,95.99,high,low,8,namesilo,,,
a617ce8b-6e69-49ba-b32c-d7f13674c3fa,potential.law,available,95.99,95.99,high,low,9,namesilo,,,
c9870f0b-c7c1-4582-9643-7b53988cfa3d,characteristic.law,available,119.99,,high,low,14,name.com,,,
bcb806b4-eeef-4a25-b01b-cfe7610b6e78,prochoice.law,available,95.99,95.99,high,low,10,namesilo,,,
5003a892-2bcf-4a7e-bd2c-df459710bf30,consist.law,available,95.99,95.99,high,low,7,namesilo,,,
aee7c813-892c-4dad-a4b1-2c0dd1c81933,antiquated.law,available,95.99,95.99,high,low,10,namesilo,,,
e53f5d4c-a92b-444b-8a6f-76887478845c,hanoi.law,available,95.99,95.99,high,low,5,namesilo,,,
7b57c204-4382-4bb6-b55e-42d9c2da79d7,intended.law,available,95.99,95.99,high,low,8,namesilo,,,
daad6672-475c-4504-b160-6a22ec27c561,polythene.law,available,95.99,95.99,high,low,9,namesilo,,,
a2302e9c-5c6b-48d6-944a-6d982b3d33fd,atacama.law,available,95.99,95.99,high,low,7,namesilo,,,
b9182c33-c83e-4b22-9ca3-8961808523ad,amnesiac.law,available,105.98,130.98,medium,low,8,namecheap,,,
36516346-2f80-4511-87ff-73b6ee36fa0d,zen.law,premium,412.5,,high,medium,3,name.com,,,
80c6793b-3f7c-46ba-9e9c-981b49769e52,farmer.law,premium,412.5,151.99,high,low,6,name.com,,,08/09/2026 06:02
ff840aa9-9936-455b-9501-15952b262e44,dissent.law,available,95.99,95.99,high,low,7,namesilo,,,
7b95b19b-6879-49c6-bbe7-2b1fb262c7c7,aspirin.law,available,95.99,95.99,high,medium,7,namesilo,,,
3eedd882-60f8-4188-a290-34278574f20b,quaternity.law,available,95.99,95.99,medium,low,10,namesilo,,,
085328f9-c385-49e3-bf50-aef5957bdc5c,baseborn.law,available,95.99,95.99,low,low,8,namesilo,,,08/08/2026 21:34
856a86ce-0285-41b8-8da6-c8892fa22734,yesterday.law,available,95.99,95.99,high,low,9,namesilo,,,
12cc9eaa-af02-4909-8a4e-832f74cc247f,luggage.law,available,95.99,95.99,high,low,7,namesilo,,,
de955fbf-b992-444b-9ec7-3fe46fb7ab98,undoubtedly.law,available,95.99,95.99,high,low,11,namesilo,,,
3798c345-e351-40f3-b5cd-8c3be792ca40,viii.law,available,95.99,95.99,high,low,4,namesilo,,,
85e5af02-c639-4cc8-9cf3-7cc242900f39,americas.law,available,95.99,95.99,high,low,8,namesilo,,,
ae7b6c31-65d5-48d9-ab41-a8320f1648c3,jenny.law,available,95.99,95.99,high,low,5,namesilo,,,
80e8d013-261c-4ffa-94a1-6d9de50d9965,seed.law,available,95.99,95.99,high,low,4,namesilo,,,
9807cf43-154d-4622-9c60-da81b4d45e24,opinion.law,available,119.99,,high,low,7,name.com,,,
274ebfb8-14d2-4365-883d-b7e22bb56d0b,per.law,premium,412.5,,high,low,3,name.com,,,
165c3372-d707-4f59-bbc0-ed05e2ff18aa,successfully.law,available,95.99,95.99,high,low,12,namesilo,,,
668dd967-85c5-4065-a1aa-d0738e7be7eb,merger.law,resell,,,high,low,6,"GoDaddy.com, LLC",01/02/2021 18:38,01/02/2027 18:38,
3f1b977d-17bc-4ce4-b1c0-204f3fbd0b2c,atavistic.law,available,95.99,95.99,low,low,9,namesilo,,,07/08/2026 12:55
689da169-fce7-4dd9-8a02-9f4ea7bdb8ca,alimental.law,available,95.99,95.99,medium,low,9,namesilo,,,
1a7caa70-452e-482a-981c-1430f2c3eab1,peacock.law,available,,,high,low,7,,,,
b77bcb77-02c8-4eba-b7f2-55024d29c971,patriotic.law,available,95.99,95.99,high,low,9,namesilo,,,
03a86d04-6e0d-453b-ae3d-776296d95c09,family.law,resell,,,high,medium,6,"GoDaddy.com, LLC",27/02/2019 23:42,27/02/2027 23:42,
cbcbf0fa-63ff-4c36-9b42-83edc6620654,commenting.law,available,119.99,,high,low,10,name.com,,,
b0e27a21-34d2-4898-8bd1-3e07868756e1,crystal.law,available,119.99,,high,low,7,name.com,,,
49d8004c-af6d-472f-9f3b-2a3372ec044c,pompom.law,available,95.99,95.99,high,low,7,namesilo,,,
74edf633-d398-4ff6-97a6-a86e2c76b667,aboveboard.law,available,95.99,95.99,high,low,10,namesilo,,,
34a74cab-2466-44b4-9cbe-56a3b5a88500,punter.law,available,95.99,95.99,high,low,6,namesilo,,,
e0a60390-d380-41b0-99e7-8023ca94ff93,slam.law,available,95.99,95.99,high,low,4,namesilo,,,
c3633235-0c48-4c90-99df-2133953863c9,xli.law,premium,412.5,151.99,high,low,3,name.com,,,
ec28f9f3-6997-4ad7-ae16-2d320c45fe96,obvious.law,available,95.99,95.99,high,low,7,namesilo,,,
224cc61b-1f3d-41a5-bead-8ac379d66987,worshipful.law,available,95.99,95.99,high,low,10,namesilo,,,
56ecf306-b8ae-47be-98ac-6939775e121a,terminal.law,available,95.99,95.99,high,low,8,namesilo,,,08/09/2026 11:51
0887845a-cd20-4ee4-a916-c80b5d4a5ac1,shopworn.law,available,95.99,95.99,low,low,8,namesilo,,,08/08/2026 11:06
3c118d20-9f6b-479b-b41a-4c8edabee0b7,speedup.law,available,95.99,95.99,high,low,8,namesilo,,,
cc06f46b-48dc-4a3f-8a99-cc026bc32884,anterior.law,available,95.99,95.99,high,low,8,namesilo,,,
33f515c9-969d-4ecc-8d26-ca2c5965f0b5,vii.law,premium,5700,151.99,high,low,3,name.com,,,
7e7c4b5b-5e11-4db0-a1ea-40d49107f368,buffer.law,available,95.99,95.99,high,low,6,namesilo,,,
591e4f22-de28-40e0-b65b-01856da6e887,nash.law,available,95.99,95.99,high,low,4,namesilo,,,
4b3f2eae-5358-4f81-874a-04d30e5cfc8d,wore.law,available,95.99,95.99,medium,low,4,namesilo,,,
625446e3-cb55-4cfc-bf1b-13619fba5b16,friend.law,available,95.99,95.99,high,low,6,namesilo,,,
1fee215e-7744-477d-a294-28af1c342bd5,chorus.law,available,95.99,95.99,high,low,6,namesilo,,,
b686c166-b868-4d10-8708-ab94b9cc6e01,stairs.law,available,95.99,95.99,high,low,6,namesilo,,,
9e37ce7e-28f1-47e0-b730-a243e9e547a5,starting.law,available,95.99,95.99,high,low,8,namesilo,,,
20f26ad1-1f37-4cd2-beeb-98cd61d1fa3f,mon.law,premium,412.5,,high,low,3,name.com,,,
d4e218e3-bd9f-4ea1-b7a0-e2bbec51a002,mouthy.law,available,119.99,,medium,low,6,name.com,,,
669c2459-f32f-414b-9df9-147ba741e12c,avenged.law,available,95.99,95.99,high,low,7,namesilo,,,07/08/2026 22:35
96d50793-6ff8-403b-9279-a52098e8aa3f,search.law,premium,2856.25,,high,medium,6,name.com,,,
63edb85a-73fa-40be-a248-b85859d56f5f,alamo.law,available,95.99,95.99,high,medium,5,namesilo,,,
f5871c4f-c23a-4255-90dd-53eaaac2f0bb,reference.law,available,95.99,95.99,high,low,9,namesilo,,,
e00fc145-8ad1-4cb3-baed-2c33b5dbc1f2,job.law,premium,5700,,high,low,3,name.com,,,
c809388b-82f9-4193-be6e-2ba0721f0ca6,teenage.law,available,95.99,95.99,high,low,8,namesilo,,,11/09/2026 10:07
e6067ab0-7777-42d9-8d60-81b66458fc03,barrier.law,available,95.99,95.99,high,low,7,namesilo,,,
e7a82c99-6114-4756-bf2a-47cd34475592,lady.law,available,119.99,,high,low,4,name.com,,,
4c7b07cf-87a8-4cb2-a217-0a377b5448c2,solely.law,available,95.99,95.99,high,low,6,namesilo,,,
c9adf8f6-a0c5-487d-96b8-13f25ac00d9b,glove.law,available,95.99,95.99,high,low,5,namesilo,,,
870a3958-0052-43ca-95fc-1e8754e4c6c0,ambulant.law,available,95.99,95.99,high,low,8,namesilo,,,
fa4e8936-c331-42e5-9554-857839e673cf,surrounding.law,available,95.99,95.99,high,low,11,namesilo,,,
52bbe838-0c6a-435f-9e88-99a37d56ef81,introduction.law,available,95.99,95.99,high,low,12,namesilo,,,
19131e96-7296-4968-8509-fcf1d0281b3c,roasted.law,available,119.99,,high,low,7,name.com,,,
edc38b6c-607e-46df-bf7a-6fa30e673266,agnatic.law,available,95.99,95.99,medium,low,7,namesilo,,,
e2917eef-b90a-4793-b3c4-168251becf2e,sag.law,premium,412.5,,high,low,3,name.com,,,
2f4dbfd9-c73e-40d2-a88a-06ed53bdc177,wounded.law,available,95.99,95.99,high,low,7,namesilo,,,
473c652f-301c-4985-823b-3851c379102d,accused.law,available,,,high,low,7,,,,
3f4b11d4-ee1f-4f8c-8fbe-46e75e4d8687,amharic.law,available,95.99,95.99,medium,low,7,namesilo,,,
04325932-961e-44c0-8260-c0c1ae2523bf,streamer.law,available,95.99,95.99,high,low,8,namesilo,,,08/08/2026 13:57
570302a7-663a-44c5-a817-02e474a5ccd2,attempted.law,available,95.99,95.99,high,low,9,namesilo,,,07/08/2026 15:12
7083daac-f9a1-4af2-bbaa-d1e748829a58,whisking.law,available,95.99,95.99,high,low,8,namesilo,,,
3239e095-2ce3-4e19-8329-6e2cfa612a4c,decide.law,available,95.99,95.99,high,low,6,namesilo,,,
b51377e2-9019-43f6-bd3d-88351d9fb473,granddad.law,available,119.99,,high,low,8,name.com,,,
fef28ed6-6ad3-4f27-a044-6884df40d9f5,grassroots.law,available,105.98,130.98,high,low,11,namecheap,,,20/08/2026 18:16
27a257e9-fcc3-48e8-bdb9-55eee78e8955,locally.law,available,119.99,,high,low,7,name.com,,,
fae48197-2cca-4f41-80e8-3ef02f8e4f39,jewish.law,available,95.99,95.99,high,low,6,namesilo,,,
7c36c40d-157a-42da-a8e7-208a923c1ec7,mao.law,premium,412.5,,high,low,3,name.com,,,
320befd6-ded9-4952-ae43-d62c3ef7330b,giza.law,available,95.99,95.99,high,low,4,namesilo,,,
f9a1b7f9-3f75-4ff5-b0c4-eb2de0eb6fd5,asexual.law,available,95.99,95.99,high,low,7,namesilo,,,07/08/2026 01:33
70c0521f-71d1-45e8-bbcf-4bf41039b4de,interior.law,available,95.99,95.99,high,low,8,namesilo,,,
3ba02a62-a057-4bf4-aa2e-6a328e145ef7,asinine.law,available,95.99,95.99,low,low,7,namesilo,,,07/08/2026 02:35
6d28435d-dc7b-4811-ad53-69a848a8ee8d,feelings.law,available,95.99,95.99,high,low,8,namesilo,,,
c3a8297a-aa54-48de-8dfe-7e522ad0af6f,voter.law,available,95.99,95.99,high,low,5,namesilo,,,
13cae09d-3f7d-4de4-9a14-cd493fc71164,lie.law,premium,5700,,high,low,3,name.com,,,
a1f48160-5e0d-48cb-8f5e-19399180e582,irritate.law,available,95.99,95.99,high,low,8,namesilo,,,
4d111e4b-efb6-4a39-b5b8-7b10cef63d6e,instruct.law,available,119.99,,high,low,8,name.com,,,
6a319dff-4cfa-4a1e-9328-ff98a0bd4227,equivocal.law,available,95.99,95.99,high,low,9,namesilo,,,
b1397d7b-0603-437e-958b-2c97f0a2b8d6,storyteller.law,available,119.99,,high,low,11,name.com,,,
1967e1e9-3ca5-433f-bfe3-41b3236e2dc8,gun.law,premium,412.5,,high,low,3,name.com,,,
978004d6-e7ef-4e47-86d6-49c7d6e901ca,whenever.law,available,95.99,95.99,medium,low,8,namesilo,,,
424038c9-d100-4542-a78a-734a00c9d772,beastly.law,available,95.99,95.99,medium,low,7,namesilo,,,09/08/2026 04:54
3a8455c5-fcc4-46dd-bccc-e62ba0da9267,shocked.law,available,95.99,95.99,high,low,7,namesilo,,,
afcf6f0d-7619-4be4-96e2-696b964bc480,photography.law,premium,237.5,,high,low,11,name.com,,,
c10a185d-0897-4cd9-a747-7717b509fd63,revered.law,available,119.99,,high,low,7,name.com,,,
20dff46f-b430-4827-a642-c3bb4673d1fc,campaigner.law,available,95.99,95.99,high,low,10,namesilo,,,
454ef207-f377-4493-b8ce-c0a18b81e329,feel.law,available,95.99,95.99,high,low,4,namesilo,,,
acbc73a6-f839-481f-a2ff-0fb1b712d236,allelic.law,available,95.99,95.99,medium,low,7,namesilo,,,
2537c371-9c11-4ce4-b68f-7bb77042979e,anatomical.law,available,95.99,95.99,medium,low,10,namesilo,,,
cd6aafe9-b4fe-4558-b52c-8134d6afa71b,property.law,resell,,,high,low,8,"GoDaddy.com, LLC",27/02/2019 23:39,27/02/2027 23:39,
c5870657-1ad3-406b-a3f3-48a0f4f58dc0,phony.law,available,95.99,95.99,high,low,5,namesilo,,,08/08/2026 23:09
d27369d6-d2d3-408c-bc45-b09865dc1697,husky.law,available,95.99,95.99,high,medium,5,namesilo,,,09/08/2026 07:59
20907bc7-0da6-4048-aa25-70f3db458695,anomalous.law,available,95.99,95.99,high,low,9,namesilo,,,
edf935e3-b84d-4bb0-975d-3808f59dc5d8,phrases.law,available,95.99,95.99,medium,low,7,namesilo,,,
2dd6cea5-68fb-4e87-9157-db6828aefc20,implying.law,available,95.99,95.99,high,low,8,namesilo,,,
a32efc8a-5d78-420c-9bc0-e763b19b163d,angolan.law,available,95.99,95.99,high,low,7,namesilo,,,
bf9dd593-0ebe-4836-853c-0c53f1b61ac3,its.law,premium,412.5,,high,medium,3,name.com,,,
b447ce33-b626-4ece-94b1-873cb4c7d205,adjective.law,available,95.99,95.99,high,low,9,namesilo,,,
f2c5970e-ba2b-42b9-8a07-7440fdf806d4,selfish.law,available,95.99,95.99,high,low,7,namesilo,,,
06e6e36a-c81b-4d4e-8dc7-a69b4493562a,matisse.law,available,95.99,95.99,high,low,7,namesilo,,,
cc37ddf9-db34-4dcf-b39b-e5aa23501e17,profitable.law,available,95.99,95.99,high,low,10,namesilo,,,
d34482ff-5e44-4b52-b91d-170353ef1d96,ailing.law,available,105.98,130.98,high,low,6,namecheap,,,
e931c44e-a771-4457-8a58-b270d328185f,popular.law,available,95.99,95.99,high,low,7,namesilo,,,
f44bd3c1-99ae-49cb-95c6-890770fc7966,whip.law,premium,237.5,,high,low,4,name.com,,,
dc97a4cd-73f9-4783-9e4a-f14a393275ae,boarded.law,available,95.99,95.99,high,low,7,namesilo,,,
42a2c555-c7cc-4e54-8903-0670e5fc11ef,deejay.law,available,95.99,95.99,high,low,6,namesilo,,,
2cbfa7b7-effc-4a6a-98d8-86d68c06a52c,inspirational.law,available,95.99,95.99,high,low,13,namesilo,,,
323a11f8-7945-4dc3-b7f2-054fa8729e39,qualifier.law,available,119.99,,high,low,9,name.com,,,
e8f87e86-91f0-49ae-9382-f1baa657424b,axiomatic.law,available,95.99,95.99,high,low,9,namesilo,,,05/08/2026 23:27
762e3301-8ab7-43bc-918c-7d137cb4ea1d,antecedent.law,available,95.99,95.99,high,low,10,namesilo,,,
23918d2f-f00f-4337-8a31-2ef71a4892dd,quartet.law,available,95.99,95.99,high,low,7,namesilo,,,
3d1d14f1-74fb-412e-967b-7711caca41f2,salary.law,available,95.99,95.99,high,low,6,namesilo,,,
5acb633a-b1ab-4dfd-9f25-70123685d104,jersey.law,available,,,high,low,6,,,,
2c5a27cc-ef49-4b3a-bddc-95a71afeaf47,wheel.law,available,95.99,95.99,high,low,5,namesilo,,,
27495dc1-39b9-4983-9dc5-0a9c35b5e7c1,aspheric.law,available,95.99,95.99,medium,low,8,namesilo,,,07/08/2026 04:52
c148ecec-4f04-448f-87f9-824c12711201,week.law,available,95.99,95.99,high,low,4,namesilo,,,
3160a2c0-d445-4c54-97f7-cc7b51b699aa,flooring.law,available,95.99,95.99,high,low,8,namesilo,,,
53f65ab5-7c53-4fe3-9eb1-4fe16ad3e8dc,descend.law,available,95.99,95.99,high,low,7,namesilo,,,
739f86eb-eb9d-41f2-aea5-4bde7cb1921f,including.law,available,95.99,95.99,medium,low,9,namesilo,,,
db3f21a2-1ab7-4385-8586-9d692255a113,chimney.law,available,95.99,95.99,high,low,7,namesilo,,,
7f98861d-f2c2-4150-946c-cc30a1e4d1a6,cinque.law,available,95.99,95.99,medium,low,6,namesilo,,,
7f756723-f6f9-4fb6-8d6c-062d05777f82,awarding.law,available,95.99,95.99,high,low,8,namesilo,,,
3461372b-1055-4e45-a99b-41d285071f73,lxxv.law,available,,,medium,low,4,,,,
461e113c-2afb-4fa1-b2e7-41a599a04f3f,aquatic.law,available,95.99,95.99,high,low,7,namesilo,,,06/08/2026 10:45
e8841008-867e-446d-8068-af488fcea4b4,loss.law,available,,,high,low,4,,,,
6c9d06bf-94a2-4c80-bbe7-1da62b5f8964,pastoral.law,available,95.99,95.99,high,low,8,namesilo,,,06/08/2026 14:20
d07b32f9-01de-4b23-9bff-1111680359d9,resultant.law,available,95.99,95.99,high,low,9,namesilo,,,
8952dc4e-ec12-4e35-9004-9fe51b78bc1b,recondite.law,available,95.99,95.99,medium,low,9,namesilo,,,
8d465084-495c-4776-9712-25581da53546,relevance.law,available,95.99,95.99,high,low,9,namesilo,,,
3581ab07-4c4d-48e4-843c-0068cc71c5fe,interest.law,available,,,high,low,8,,,,
9f887e6a-7bfd-40a7-831c-010f2888ca8b,division.law,available,95.99,95.99,high,low,8,namesilo,,,
eeaeb3e6-9d87-4dfc-9904-7eeb2a57b4e2,clearly.law,available,95.99,95.99,high,low,7,namesilo,,,
498cfd56-bee1-4e72-b86c-556d778ba3c8,triplet.law,available,95.99,95.99,medium,low,7,namesilo,,,
6f9863eb-aad4-4e7e-9d2b-60fc4da63545,ladder.law,available,95.99,95.99,high,low,6,namesilo,,,
1ac8f49e-7fea-4d4b-ad43-5a2ea3a9bceb,critically.law,available,119.99,,high,low,10,name.com,,,
d76072a8-0e2c-4330-ad82-005a25660ab1,disappointed.law,available,95.99,95.99,high,low,12,namesilo,,,
c082941f-2aba-4c63-86a4-4239e5c22633,drawing.law,available,95.99,95.99,high,low,7,namesilo,,,
71c87b02-011f-454f-ab5e-c856d072a0f2,mental.law,available,95.99,95.99,high,low,6,namesilo,,,08/09/2026 12:21
71c1e90f-cfc9-4556-b3d5-dfc600e71125,altaic.law,available,95.99,95.99,medium,low,6,namesilo,,,
aecce62a-7038-48b5-a110-05a6f03c4a05,man.law,premium,412.5,,high,low,3,name.com,,,
fe869835-1e6f-4a0c-a08b-ed6c4c566c7d,customise.law,available,95.99,95.99,high,low,9,namesilo,,,
71e4ff0a-9259-4288-9923-6ec1fca894ce,circuit.law,available,95.99,95.99,high,low,7,namesilo,,,
4b3c4927-aa4b-4295-af79-ea47a3aeee8d,borrow.law,available,95.99,95.99,high,low,6,namesilo,,,
b59ceac9-050f-4811-ba3d-65cfd92c1479,walmart.law,available,,,high,medium,7,,,,
5bfa351e-6237-4085-97a7-e292e88b2df4,expose.law,available,95.99,95.99,high,low,6,namesilo,,,
21f4ec56-c9bd-4685-b9cc-c30c704947fe,worthy.law,available,95.99,95.99,high,low,6,namesilo,,,
50b29d6e-707a-4c94-aabc-f5b4826eedb6,keeping.law,available,95.99,95.99,high,low,7,namesilo,,,
78065b69-b144-4afd-915d-256265760714,kilo.law,available,95.99,95.99,high,low,4,namesilo,,,
ef6d3c8c-31fd-4ea9-a121-607d9a28124e,unusual.law,available,95.99,95.99,high,low,7,namesilo,,,
965d3483-2de9-4204-8d7b-a4dc80cc047d,carefully.law,available,95.99,95.99,high,low,9,namesilo,,,
66801758-e2ad-443c-8e7a-db52cdb59a82,dotty.law,available,95.99,95.99,medium,low,5,namesilo,,,06/08/2026 20:55
e6a35133-bf8d-48bf-a206-1dab3dd50605,airport.law,available,95.99,95.99,high,low,7,namesilo,,,
0ab6d031-4223-4677-81c3-f19f3034131c,rheumatic.law,available,95.99,95.99,medium,low,9,namesilo,,,06/08/2026 23:05
a35247d2-e49c-40c9-a757-b11c049f55d0,firefighter.law,available,119.99,,high,low,11,name.com,,,
36df0bf5-0c28-48ea-b82d-ac8ede07b0e5,dictator.law,available,95.99,95.99,high,low,8,namesilo,,,07/08/2026 19:17
df38f8d8-6cd2-4c3e-b23c-dc73014bc38a,relations.law,available,95.99,95.99,high,low,9,namesilo,,,
616de225-7ada-4729-a2af-3f17b4b35c34,clx.law,premium,412.5,151.99,high,low,3,name.com,,,
2ca08c5d-56dc-4e46-9272-5912496f302e,tide.law,available,95.99,95.99,high,low,4,namesilo,,,
78d934b0-b180-4478-84e9-d1648ab13f87,clinically.law,available,95.99,95.99,high,low,10,namesilo,,,
2ac0d4b4-087c-43bf-a906-3ed286ceb9b0,alchemical.law,available,95.99,95.99,medium,low,10,namesilo,,,
30575a81-0683-46ac-b2dc-793acdee461e,actor.law,available,95.99,95.99,high,low,5,namesilo,,,
167f707e-180d-4c11-96a0-8b49fe421070,moneyed.law,available,95.99,95.99,high,low,7,namesilo,,,
daab91d6-5097-432a-bd36-c925e66bf40b,orangutan.law,available,95.99,95.99,high,low,9,namesilo,,,
e1adb910-5ec4-40b4-86fd-0e474de97fe7,undeveloped.law,available,119.99,,high,low,11,name.com,,,
f38ffa45-2890-44ab-aac5-634392a8bcd9,transparent.law,available,119.99,,high,low,11,name.com,,,
5835d1e2-2717-41cf-a5e3-6812c337cc10,bravo.law,available,95.99,95.99,high,medium,5,namesilo,,,
017d63e2-7ad1-43fc-8b69-88ab286bc23b,writing.law,available,95.99,95.99,high,low,7,namesilo,,,
1daff250-1c49-4bb4-a0c7-b11f4720176d,cognisant.law,available,95.99,95.99,high,low,9,namesilo,,,08/08/2026 00:18
a00421c3-80fd-409b-b020-e0c062ee520f,identify.law,available,95.99,95.99,high,low,8,namesilo,,,
34b4b26e-7602-4b61-b334-db559e5ad254,stemless.law,available,95.99,95.99,medium,low,8,namesilo,,,
996e9f43-be03-4ebe-88c6-812b2da805ad,province.law,available,95.99,95.99,high,low,8,namesilo,,,
1b532bdf-bdcf-4bc1-b440-ad41ff4a6019,codes.law,available,95.99,95.99,high,low,5,namesilo,,,
f6c1ef82-98df-4f33-a8b1-e29154dab63a,standardize.law,available,95.99,95.99,high,low,11,namesilo,,,
c71774c0-b163-4255-8b77-8fe71310b6d1,estado.law,available,119.99,,high,low,6,name.com,,,
8e021f35-320b-40ef-bb96-58b405bd1fd1,antonymous.law,available,95.99,95.99,medium,low,10,namesilo,,,05/08/2026 20:16
25fc5380-ae18-45ec-aed1-eb0dfff87dad,nates.law,available,95.99,95.99,medium,low,5,namesilo,,,09/08/2026 10:31
18bee6cb-fb08-46cd-bb59-574a2dc54e3f,truly.law,available,,,high,low,5,,,,
3a1bc7ee-2997-4ece-ae65-2e1fbcafcaa9,wonderfully.law,available,95.99,95.99,high,low,11,namesilo,,,
d422967b-03dc-4fda-96d6-f25464fabca4,impress.law,available,95.99,95.99,high,low,7,namesilo,,,
17d5b0cd-2ed9-4418-bc8f-f4350e6e5417,respected.law,available,95.99,95.99,high,low,9,namesilo,,,
5cfbc7ae-f224-481d-8f5d-12fa620b5f18,surprisingly.law,available,95.99,95.99,high,low,12,namesilo,,,
de3e67e9-0c14-46bd-8109-af6064d7219b,gently.law,available,119.99,,high,low,6,name.com,,,
43ef9066-1618-416e-a6e8-7e2000925bb0,complain.law,available,95.99,95.99,high,low,8,namesilo,,,
d5700ea9-0bb1-4b02-92f8-0912dec88480,recommendation.law,available,119.99,,high,low,14,name.com,,,
c8912fd3-4c0c-4a5b-a52a-5bb1b930060b,analytical.law,available,95.99,95.99,high,low,10,namesilo,,,
b201f9c9-7a2a-4c79-ac33-d60f846a5573,keep.law,available,119.99,,high,low,4,name.com,,,
4cee41c2-dda2-42cf-828e-2dc43b441030,committee.law,available,95.99,95.99,high,low,9,namesilo,,,
9fb9d265-f7b5-4a7a-a2cc-dcee408a325c,canadas.law,available,119.99,,medium,low,7,name.com,,,
437127b6-ee19-4c6e-98ec-5d9a58757448,chew.law,available,95.99,95.99,high,low,4,namesilo,,,
74884d3c-d0e7-4a3b-ab20-000ee12ee2ff,twine.law,available,95.99,95.99,high,low,5,namesilo,,,
b57eff7b-31a7-483e-b7ed-72b55b896b16,stat.law,available,95.99,95.99,high,low,4,namesilo,,,
1449bffa-b273-4bbe-adcb-fba208b772c3,aplitic.law,available,95.99,95.99,medium,low,7,namesilo,,,06/08/2026 00:35
63752a38-78ae-44c9-a03e-b55f33ba887a,arboreal.law,available,95.99,95.99,high,low,8,namesilo,,,06/08/2026 13:18
dadd25e7-938a-4120-addb-31c7b9b9620e,closest.law,available,95.99,95.99,high,low,7,namesilo,,,
0626b410-ebfb-407f-99c2-b1701ecf0171,baleful.law,available,95.99,95.99,medium,low,7,namesilo,,,08/08/2026 09:39
009dc468-39b8-423f-a82f-8a6e0039c749,curve.law,available,95.99,95.99,high,low,5,namesilo,,,06/08/2026 15:00
0d92ce39-edb8-4f60-8d4e-02902f638636,dose.law,available,95.99,95.99,high,low,4,namesilo,,,
b7cc4a48-b49a-4007-85e9-b292fa383314,legs.law,available,95.99,95.99,high,low,4,namesilo,,,
14540bbd-8543-43f8-abfb-e72cdff91f2d,tune.law,available,119.99,,high,low,4,name.com,,,
ba1f1173-b4a4-42ad-ab86-70005419737e,boob.law,available,95.99,95.99,high,low,4,namesilo,,,
3fd13031-b457-45e4-841f-d3812ad3d8a0,xcl.law,premium,412.5,151.99,medium,low,3,name.com,,,
0a8fe2ef-6000-4693-a774-22bc4f75d00e,toothcare.law,available,119.99,,medium,low,9,name.com,,,
05b34da6-9605-4443-ad3b-a462d9496397,from.law,available,95.99,95.99,high,low,4,namesilo,,,08/09/2026 08:57
2976bf5d-41b1-4e43-8d86-2d27af476960,incentive.law,available,95.99,95.99,high,low,9,namesilo,,,
29ff72c6-2c2a-4b64-b37e-86720124641b,conditions.law,available,95.99,95.99,high,low,10,namesilo,,,
1ba9ee4b-8df4-4bcc-9303-a97c7899d87b,occurring.law,available,95.99,95.99,high,low,9,namesilo,,,
d9111447-4ebc-4b93-a999-c1c671eb8d6f,pail.law,available,95.99,95.99,high,low,4,namesilo,,,
8c7d528f-d072-4923-8bd8-5aa91afbea13,undergraduate.law,available,95.99,95.99,high,low,13,namesilo,,,
8cc14645-f260-4f15-8fbb-243b0510eb62,enrich.law,available,95.99,95.99,high,low,6,namesilo,,,
e01034e3-3873-4c28-9820-3d16d8aba62f,stating.law,available,95.99,95.99,high,low,7,namesilo,,,
4d6c0224-ba5a-4ae4-9cef-49093b36fa31,xxxiii.law,available,95.99,95.99,high,low,6,namesilo,,,
13770d22-48ff-4589-b62a-ac342735d200,adaxial.law,available,95.99,95.99,medium,low,7,namesilo,,,
50e22900-a229-45b8-a13b-480f4da45604,refreshed.law,available,95.99,95.99,high,low,9,namesilo,,,
ac286e51-8d23-44dc-9890-af3087c201b0,awheel.law,available,95.99,95.99,medium,low,6,namesilo,,,08/08/2026 01:05
43396183-4dd9-4565-89ba-42b9d9a33192,surrender.law,available,95.99,95.99,high,low,9,namesilo,,,
6f91d545-7288-4e14-a8f4-ce69847becd0,varied.law,available,95.99,95.99,high,low,6,namesilo,,,
689314ba-2d06-445e-9a85-3e5890031da7,shaky.law,available,119.99,,high,low,5,name.com,,,
f0585147-4d2e-4f85-a035-98e660ec8e02,protect.law,available,95.99,95.99,high,low,7,namesilo,,,
1aad350d-d096-4e93-959e-fe04144b8781,cast.law,available,95.99,95.99,high,low,4,namesilo,,,
14a5d030-c978-4f53-aae8-31912f8f25f9,poll.law,available,95.99,95.99,high,low,4,namesilo,,,
d52f86e7-eba3-4226-ad1e-cb061c60a187,irritation.law,available,95.99,95.99,high,low,10,namesilo,,,
d9e1de4c-399a-4474-aed9-20f67c6745a7,html.law,available,95.99,95.99,high,low,4,namesilo,,,
a22d991c-a602-45dd-83bd-39dfd51fab1e,los.law,premium,412.5,,high,low,3,name.com,,,
bee6b065-8a6e-4081-b3db-a8523be30a23,atypical.law,available,95.99,95.99,high,low,8,namesilo,,,07/08/2026 16:06
61d43b42-79e5-4782-8945-262180177b73,choose.law,available,95.99,95.99,high,low,6,namesilo,,,
cda4abae-5f5d-4d20-adff-6b49cfe6c564,fascinate.law,available,95.99,95.99,high,low,9,namesilo,,,
3772458b-514b-4ef9-9783-74ae49a4a4aa,awny.law,available,95.99,95.99,medium,low,4,namesilo,,,08/08/2026 01:25
61cc6177-d0e6-4ee2-aa2a-514a2dcaca2a,glory.law,available,119.99,,high,low,5,name.com,,,
aebe534a-32e5-4904-bb5e-c6f8f3dd77e4,sip.law,premium,412.5,,high,low,3,name.com,,,
dc7ce7eb-90f0-430d-ba9d-f72c8a20bfd7,afghani.law,available,95.99,95.99,medium,low,7,namesilo,,,
878b5c7f-5f68-4400-a03b-45aaa23a457f,bahraini.law,available,95.99,95.99,medium,low,8,namesilo,,,08/08/2026 08:36
bd640968-79d9-482f-b249-01c15bba0ad1,mini.law,available,95.99,95.99,high,medium,4,namesilo,,,
a364e978-f991-458d-bd58-83ec3357e1fc,chirping.law,available,95.99,95.99,high,low,8,namesilo,,,
45fd89e3-02b8-4e3d-b6c0-a2217a981998,barren.law,available,95.99,95.99,medium,low,6,namesilo,,,08/08/2026 20:57
e17d0bd0-6865-4cd8-b9c8-806efa31d26f,kick.law,available,,,high,low,4,,,,
0e730592-ff60-46a4-b88e-b51fc27e70f9,motivation.law,available,95.99,95.99,high,low,10,namesilo,,,
4c3d06d0-b291-490b-abb7-708a8622a012,ternary.law,available,95.99,95.99,high,low,7,namesilo,,,
19dd877f-a46b-42bc-9060-8e4135cec81d,painkiller.law,available,95.99,95.99,high,low,10,namesilo,,,
ec0ce871-2824-4169-8787-11f9d35cbe8b,affiliation.law,available,95.99,95.99,high,low,11,namesilo,,,
659757e6-2469-4a9c-8327-610bd34a44de,meantime.law,available,95.99,95.99,high,low,8,namesilo,,,
8f04146b-9334-4476-b492-0b64a8be25b8,sloped.law,available,95.99,95.99,medium,low,6,namesilo,,,07/08/2026 04:26
3208f408-fa88-42e4-9ae7-1cead2dd0f85,masses.law,available,95.99,95.99,high,low,6,namesilo,,,
9ff2f2f1-6be8-4697-81c9-552b4a27735e,autoimmune.law,available,95.99,95.99,medium,low,10,namesilo,,,07/08/2026 20:32
d00eb8eb-ed1f-4528-a582-9486686d3c2e,intent.law,available,95.99,95.99,high,low,6,namesilo,,,
406c1fcc-dbda-4d1a-929f-2cbe61473da3,normality.law,available,95.99,95.99,high,low,9,namesilo,,,
8be3a290-7a63-472b-b359-9c3736ad12c1,abactinal.law,available,95.99,95.99,medium,low,9,namesilo,,,
f88a333b-7edc-4973-8c12-b55fe6d8ac4c,unhappiness.law,available,119.99,,medium,low,11,name.com,,,
0afb46d7-14aa-4e64-aaa6-af12ed752314,odious.law,available,95.99,95.99,medium,low,6,namesilo,,,
cb3ff05f-bcfc-45b6-9291-4eb71f3dac6a,cry.law,premium,412.5,,high,low,3,name.com,,,
76e589b3-d25f-4945-b569-89d3829db06e,receive.law,available,95.99,95.99,high,low,7,namesilo,,,
46f81704-4995-4580-bc49-ebcc4a74f5e1,cow.law,premium,5700,,high,low,3,name.com,,,
8ec509d7-4187-43bb-b50d-17b786d92507,entirety.law,available,95.99,95.99,high,low,8,namesilo,,,
485b1035-20ff-40d9-8076-31abb6f79d1b,rake.law,available,95.99,95.99,high,low,4,namesilo,,,
337e9bdd-a69b-4192-948c-fd641a08b9ea,sworn.law,available,95.99,95.99,high,low,5,namesilo,,,
6ced31cb-80ef-4f84-b26e-beb9f8590477,reebok.law,available,95.99,95.99,high,low,6,namesilo,,,
bc7526ec-1e72-41ae-bb92-d66e1eee7f61,coolly.law,available,95.99,95.99,high,low,6,namesilo,,,
93436d66-5e89-4ebb-8695-f48cbb202aef,struggle.law,available,95.99,95.99,high,low,8,namesilo,,,
86d342ed-7ffc-4946-a83a-a9bb506fbfde,hindsight.law,available,95.99,95.99,high,low,9,namesilo,,,
ef293530-c506-4042-801f-262ebfff55a8,itchy.law,available,105.98,130.98,high,low,5,namecheap,,,05/08/2026 20:43
6db2cbdd-36e9-4b7c-96e5-fe0c07a33364,upstart.law,available,95.99,95.99,high,low,7,namesilo,,,
c70a79c1-d785-4147-9315-83959a31e06d,disclosure.law,available,119.99,,high,low,10,name.com,,,
52507987-7578-4a94-9a70-c75a7e8ac957,apology.law,available,119.99,,high,low,7,name.com,,,
3e2841b8-fa8b-4e10-b2b3-27ca998e348a,published.law,available,95.99,95.99,high,low,9,namesilo,,,
43b457a4-5039-40fd-b3c3-ef689bc05f18,jumps.law,available,95.99,95.99,high,low,5,namesilo,,,
0637f618-3a24-45c2-8ed5-645f96d6c5f5,annalistic.law,available,95.99,95.99,high,low,10,namesilo,,,
b7afb9ab-d0c3-4929-bd46-fc1c1a079087,lights.law,available,95.99,95.99,high,low,6,namesilo,,,
5d4ed9da-2b67-49d1-8db7-133877a69a5b,worthwhile.law,available,95.99,95.99,high,low,10,namesilo,,,
7b4ccf7d-3a13-417c-8bd7-431fe32356e6,links.law,premium,412.5,,high,low,5,name.com,,,
1ab3c4c9-beaa-4810-8ea4-6894cd5282f9,word.law,available,95.99,95.99,high,low,4,namesilo,,,
7d37fab5-5969-4174-9059-e147e0453a53,saintly.law,available,95.99,95.99,high,low,7,namesilo,,,
0a77a14a-76dc-407e-8373-f92c0d415149,groundless.law,available,95.99,95.99,medium,low,10,namesilo,,,08/08/2026 21:49
a5427298-96c7-4e8c-a323-7f299d11e35d,structures.law,available,95.99,95.99,medium,low,10,namesilo,,,
5c37a41d-02c0-4e8c-a8ef-560462be5e2b,ads.law,resell,,,high,medium,3,"GoDaddy.com, LLC",14/10/2020 12:24,14/10/2026 12:24,
994a680c-53c1-426b-b476-bd9f39102d38,broccoli.law,available,119.99,,high,low,8,name.com,,,
6715f6d6-f124-41e7-b15e-6df8b321e354,anguine.law,available,95.99,95.99,low,low,7,namesilo,,,
7b55519c-b9c3-4aa2-b5b3-7c3c2d7b372b,ahorse.law,available,105.98,130.98,medium,low,6,namecheap,,,
60585f27-45a0-4f06-8703-c3f78681adca,stereotype.law,available,119.99,,high,low,10,name.com,,,
025088fa-e2c6-4e1e-b084-5855c3a126b4,angry.law,available,95.99,95.99,high,low,5,namesilo,,,
8bba459a-f485-400d-868a-9ede66edeeae,racist.law,available,95.99,95.99,medium,low,6,namesilo,,,
5815ed55-3ab9-4ad4-9def-31cb8ebffd68,argentine.law,available,,,high,low,9,,,,
385e1259-a541-49d0-b0bb-c4082342bbdf,ser.law,premium,412.5,,high,low,3,name.com,,,
edaf52ff-b892-43a7-953a-f659f8ce0bb1,compete.law,available,95.99,95.99,high,low,7,namesilo,,,
f90cd34b-d012-4693-a564-0e0fec7b1ee2,azonic.law,available,95.99,95.99,medium,low,6,namesilo,,,08/08/2026 02:32
58e71ae1-ba0d-4c7d-8d94-e71fc384cdc3,wound.law,available,95.99,95.99,high,low,5,namesilo,,,
34ac7d59-f51f-4706-9e21-80f6fae4e719,flickering.law,available,95.99,95.99,high,low,10,namesilo,,,
3317719d-c85d-4a8f-9324-404bec76a1f1,side.law,premium,412.5,,high,low,4,name.com,,,
e8e02d42-3b64-4efd-8812-679e6f44554a,ing.law,premium,412.5,,high,low,3,name.com,,,
2faaf9e4-1a24-4644-9980-820bcf3609d9,giraffe.law,available,95.99,95.99,high,low,7,namesilo,,,
4089067a-7d28-420a-8c50-df3c6e918f80,trees.law,available,95.99,95.99,high,low,5,namesilo,,,
a8fee7e1-38bb-426f-bfa5-f69bce23e309,flowers.law,available,95.99,95.99,high,medium,7,namesilo,,,
51e0f228-b81a-43ea-94c5-f4d360d5b3c2,pretoria.law,available,95.99,95.99,high,low,8,namesilo,,,
d23cfbba-a660-41ce-8917-77af93d1933f,booklist.law,available,95.99,95.99,high,low,8,namesilo,,,
1ccef58c-9251-4053-a6ab-6c67611c3fc0,board.law,available,95.99,95.99,high,low,5,namesilo,,,
c93f5add-c747-441d-a6e7-f4d5a0f4c8b4,regardless.law,available,95.99,95.99,high,low,10,namesilo,,,
05a408be-29cc-4f8e-acb2-c3f85618dce3,abaxial.law,available,95.99,95.99,medium,low,7,namesilo,,,
0b592e00-61ba-4a60-9720-8a2cc2498372,camping.law,available,95.99,95.99,high,low,7,namesilo,,,
b77460c8-99a8-47bd-93a1-ce088e06f27e,trey.law,available,95.99,95.99,high,low,4,namesilo,,,
d708dd3c-d8e2-406e-a43c-4cd0b1e5ac45,principles.law,available,95.99,95.99,high,low,10,namesilo,,,
ff40b295-49f0-4752-a59e-af91e6484b85,closely.law,available,95.99,95.99,high,low,7,namesilo,,,
22005a70-b302-4813-8c8f-968a745285a3,maximum.law,available,95.99,95.99,high,low,7,namesilo,,,
408194a7-11c2-49b1-ae2e-378651173ed8,upstage.law,available,95.99,95.99,high,low,7,namesilo,,,
b348579f-2df2-4f6b-a186-23587f1b1d4c,lxxxiv.law,available,95.99,95.99,medium,low,6,namesilo,,,
f33a7c8c-3cf6-490c-ae24-05de3f9f5955,dismayed.law,available,95.99,95.99,medium,low,8,namesilo,,,
3a7ad70f-d380-445c-8fba-a1537106b109,jewel.law,available,95.99,95.99,high,low,5,namesilo,,,
69f82ae2-3cac-4932-9a1a-4786b4222da0,silvery.law,available,105.98,130.98,high,low,7,namecheap,,,06/08/2026 17:56
c7d09c30-8e56-49ec-aad3-e00888210fa4,anywhere.law,available,95.99,95.99,high,low,8,namesilo,,,
2269fe02-fbea-4499-bdc9-3d42041bc9fd,spirit.law,available,95.99,95.99,high,low,6,namesilo,,,
acb16f7c-2dbf-4f8c-b886-678d49b26d88,strain.law,available,95.99,95.99,medium,low,6,namesilo,,,
17dc1587-7f6c-4ed2-82cb-27a7cb250b72,surfer.law,available,119.99,,high,low,6,name.com,,,
4bc5be3f-f5f8-4037-b8d7-25b93274be51,moderation.law,available,95.99,95.99,high,low,10,namesilo,,,
5f337153-ecd6-430f-ae37-817aa1d07609,facilitating.law,available,95.99,95.99,medium,low,12,namesilo,,,
a6e95c7a-5396-474a-b9f7-1fc7d4e36905,suck.law,available,95.99,95.99,high,low,4,namesilo,,,
2923c073-ed2c-45de-9eb4-41e61eb2ff08,daring.law,available,95.99,95.99,high,low,6,namesilo,,,07/08/2026 21:39
03073a44-9a93-49da-9498-68afeef1b543,answer.law,available,119.99,,high,low,6,name.com,,,
e7cfd4fb-f6c5-46de-8e6f-f57a990a59a0,sales.law,available,119.99,,high,medium,5,name.com,,,
6755dc6b-2144-4f48-a902-b10219e4cd44,caracas.law,available,95.99,95.99,high,low,7,namesilo,,,
ecb34433-37fb-48ec-b633-f8ee01b33696,worm.law,available,95.99,95.99,high,low,4,namesilo,,,
2842f87c-b4a0-422b-a084-862aa314d2ac,waken.law,available,95.99,95.99,high,low,5,namesilo,,,08/08/2026 00:08
07c23e6d-ca6a-4844-b93f-235ddfde49ba,shoeless.law,available,105.98,130.98,medium,low,8,namecheap,,,08/08/2026 19:04
c9006251-29f5-47ad-a936-77025fbbd4ab,acerose.law,available,95.99,95.99,medium,low,7,namesilo,,,
1b2606cf-5440-4a39-86a0-843d558539e3,heads.law,available,95.99,95.99,high,low,5,namesilo,,,
51999737-3678-4e17-9f52-512de90cfe92,acarpelous.law,available,95.99,95.99,medium,low,10,namesilo,,,
3de2aa4d-bc7f-4096-9f48-ad55832f692a,non.law,premium,412.5,,high,low,3,name.com,,,
11f83094-ee4e-4e12-bd86-8aa2261f1f92,abeyant.law,available,95.99,95.99,medium,low,7,namesilo,,,
18eaa374-2ad3-4422-84d1-afb770929d1a,inhibit.law,available,95.99,95.99,high,low,7,namesilo,,,
1b4c1bf7-87c3-433d-a3aa-f139ba3541c4,malaria.law,available,95.99,95.99,high,low,7,namesilo,,,
5a32a0d6-7fbd-4bf6-befb-be337a80db7a,pizzeria.law,available,95.99,95.99,high,low,8,namesilo,,,
e5a533e1-d9d2-4758-afd6-0b47689d2f12,hannukah.law,available,95.99,95.99,high,low,8,namesilo,,,
e3c2e2be-7d0d-474c-a8e8-0eb64a42df5e,analphabet.law,available,95.99,95.99,medium,low,10,namesilo,,,
63d915c4-7773-4407-864d-7ef637a61c46,foreign.law,available,95.99,95.99,high,low,7,namesilo,,,
2e607d5c-a5c1-4258-8cb4-0cf1c5fb4f59,virtually.law,available,95.99,95.99,high,low,9,namesilo,,,
b538f7c0-be42-4f30-9607-5d0d420916b4,observer.law,available,95.99,95.99,high,low,8,namesilo,,,
e96f1949-9a20-4b82-9ff2-e2d381d28fbb,poisoning.law,available,95.99,95.99,high,low,9,namesilo,,,
ccbc0e81-c36e-424f-87ee-a63c0eb3839b,lvi.law,premium,412.5,151.99,high,low,3,name.com,,,
256960f2-87ac-4e41-9bcb-58b13941a8f7,circus.law,available,95.99,95.99,high,low,6,namesilo,,,
fdf6dd1f-4fb9-45b1-9204-c00ec8c38b57,soup.law,available,95.99,95.99,high,low,4,namesilo,,,
ee49acf4-5bc2-4b81-80f7-e470a0952bd1,childhood.law,available,95.99,95.99,high,low,9,namesilo,,,
3bfc3ef1-7128-4757-92a7-6f08bf3e02a6,topless.law,available,105.98,130.98,medium,low,7,namecheap,,,08/08/2026 18:33
ee8d45ab-48d1-43d1-9880-cd93836b0c55,zooming.law,available,95.99,95.99,high,low,7,namesilo,,,
30e0fea6-58bb-4df5-a6e9-9afbf2691012,usually.law,available,95.99,95.99,high,low,7,namesilo,,,
246067df-7cb5-4097-b9a6-c3e252ba8c57,fidgety.law,available,95.99,95.99,high,low,7,namesilo,,,05/08/2026 20:32
9eb2ffa9-09c0-42ec-af08-8c6f5ffa8fb2,abscessed.law,available,95.99,95.99,medium,low,9,namesilo,,,
716dbd53-8903-4b45-87e4-e76325d2dee9,abuzz.law,available,95.99,95.99,medium,low,5,namesilo,,,
866c0e8f-262a-485c-83b2-f78091fd4a28,tipped.law,available,95.99,95.99,high,low,6,namesilo,,,07/08/2026 13:33
c9859b99-d526-411b-8168-a1faa8c78120,stepmother.law,available,119.99,,high,low,10,name.com,,,
d05e937d-2ca8-413f-8949-7c78c9e77435,ugh.law,premium,412.5,,medium,low,3,name.com,,,
62b43650-49da-498e-90ce-ca937d5d01b9,nitrous.law,available,95.99,95.99,high,low,7,namesilo,,,08/08/2026 03:03
05b4f1d1-e163-4cd6-a970-d82920e6e6a1,container.law,available,95.99,95.99,high,medium,9,namesilo,,,
889f592a-3b96-4d7d-b412-cd5e5d152e08,abasic.law,available,95.99,95.99,medium,low,6,namesilo,,,
a524dd88-aa0e-46e9-8bcc-5b5eb7a3a4af,matt.law,resell,,,high,high,4,101domain GRS Limited,04/02/2020 20:26,04/02/2027 20:26,
09510dff-9f9e-48e3-910e-036cecbfc547,eighter.law,available,95.99,95.99,medium,low,7,namesilo,,,
2543f0f4-62c8-4881-9dc2-7df1948cc0fc,sweat.law,available,95.99,95.99,high,low,5,namesilo,,,
3f56aea9-9247-4ed3-b10b-7cfd49d117a1,seventy.law,available,95.99,95.99,high,low,7,namesilo,,,
f679f5f2-6336-4dde-9a26-27ef5bad3ab9,allowed.law,available,95.99,95.99,high,low,7,namesilo,,,
6844a7bc-1fca-41be-9830-1d296975edf3,toad.law,available,105.98,130.98,high,low,4,namecheap,,,05/08/2026 21:06
5107cb0a-9d7b-4588-a9d2-d39ba300b607,actually.law,available,95.99,95.99,high,low,8,namesilo,,,
4be5770e-da3f-4b02-a0ae-adb6db5b365a,assure.law,available,95.99,95.99,high,low,6,namesilo,,,
dce7037e-c180-40b1-9272-598f332dc59a,folder.law,available,119.99,,high,low,6,name.com,,,
84642e8e-205f-4321-84c5-8057b18d9c9e,curl.law,available,95.99,95.99,high,low,4,namesilo,,,
876dfc40-5bc3-4e47-8fe7-62e3c33602ae,fate.law,available,95.99,95.99,high,low,4,namesilo,,,
1b625752-63c8-459c-8c05-24ba20ff7ddb,exhale.law,available,95.99,95.99,high,low,6,namesilo,,,
9c89027f-a69b-43e0-abdb-8b1349a6e923,standing.law,available,95.99,95.99,high,low,8,namesilo,,,
a010f135-b26e-417e-b3af-887637c7d052,dye.law,premium,5700,,high,low,3,name.com,,,
019e336d-b01f-4996-968a-7da307fc66b0,commercially.law,available,119.99,,high,low,12,name.com,,,
a50aa7b0-66bc-4063-a1ea-f49f21be99d4,skill.law,available,119.99,,high,medium,5,name.com,,,
89e71a86-a84f-4822-b385-7b18bb2aa888,apparel.law,available,119.99,,high,low,7,name.com,,,
75bd7846-02c0-4999-99e5-72b7aa9b328e,increased.law,available,95.99,95.99,high,low,9,namesilo,,,
4153808b-edcf-4664-baa1-4dc525f5b166,diminutive.law,available,95.99,95.99,high,low,10,namesilo,,,08/08/2026 14:10
5003bef7-ce1c-4974-9ecd-aa8458e6dd81,vigor.law,available,95.99,95.99,high,low,5,namesilo,,,
d6c1a0b6-f075-4779-9ac2-d4509446115f,smell.law,available,95.99,95.99,high,low,5,namesilo,,,
fb8de6b0-cf67-4f4c-b0bf-23c08c5e0567,humane.law,available,95.99,95.99,high,low,6,namesilo,,,
01f507fb-af73-4c9c-ab16-455839203641,abdicable.law,available,95.99,95.99,medium,low,9,namesilo,,,
d63f2bac-e9b5-48de-bd3f-6bc0ca9a6367,acquirable.law,available,95.99,95.99,medium,low,10,namesilo,,,
419f579e-ba6c-4ced-b0bf-0d87f6f327fb,gym.law,premium,412.5,,high,low,3,name.com,,,
6df0692e-055e-4600-9d00-4d5525598def,adverse.law,available,95.99,95.99,high,low,7,namesilo,,,
ec654afc-ed77-4ecc-8d7a-145666878e7c,asking.law,available,95.99,95.99,high,low,6,namesilo,,,
f016af4a-0a0d-4a30-97bc-ec9644420460,bacchanal.law,available,95.99,95.99,high,low,9,namesilo,,,08/08/2026 04:14
7ee566c3-7295-49a8-9ec0-a14b97501ee3,oversight.law,available,95.99,95.99,high,low,9,namesilo,,,
93c334d1-b930-48d7-8b31-b853dff34933,backed.law,available,95.99,95.99,high,low,6,namesilo,,,08/08/2026 05:33
1215b057-0933-4e2c-b42c-5d3954b22130,quatern.law,available,95.99,95.99,medium,low,7,namesilo,,,
3d298e7a-9d0d-4fe2-9431-b97767c07967,appointive.law,available,95.99,95.99,medium,low,10,namesilo,,,06/08/2026 07:16
2fbe607c-ee0a-487e-802f-b47406a24d40,briefs.law,available,95.99,95.99,high,low,6,namesilo,,,
1ad67dad-feff-425e-a77a-ff6b78aa2c93,harrowing.law,available,95.99,95.99,medium,low,9,namesilo,,,
866ebd07-9b64-4fc1-92ae-7b5ac922f588,agrestic.law,available,105.98,130.98,medium,low,8,namecheap,,,
7b259c2e-50ab-4b3e-84a6-0e562b47882e,within.law,available,95.99,95.99,high,low,6,namesilo,,,
4e48b2a1-806a-441e-afb7-8ad83d945ccf,ale.law,premium,412.5,,high,low,3,name.com,,,
72e37325-6d69-4edc-8b80-3304c375f299,roast.law,available,119.99,,high,low,5,name.com,,,
63351b77-f4d2-44da-a070-e3ceaa80cebd,bridges.law,available,119.99,,high,low,7,name.com,,,
3939e2bd-fe71-4e08-8711-f3620eb4b51b,hence.law,available,119.99,,high,low,5,name.com,,,
aab5cb9a-58d9-4158-9f2c-8673f6c94052,advertised.law,available,95.99,95.99,high,low,10,namesilo,,,
ac3630b0-75a7-475f-a994-4721ff8b36be,philippines.law,available,,,high,low,11,,,,
c6efc8d7-7dd8-443e-9634-6b616c1a3c57,candidate.law,available,95.99,95.99,high,low,9,namesilo,,,
d6e0403d-0ba4-4c33-b24b-771776a451fd,deliver.law,available,95.99,95.99,high,low,7,namesilo,,,
4d291597-27bb-4d65-ae62-43736a6ef540,acold.law,available,95.99,95.99,medium,low,5,namesilo,,,
0cdd7fe1-da8b-4259-b82e-3c89949d25ca,infrared.law,available,95.99,95.99,high,low,9,namesilo,,,04/09/2026 07:52
51f1620b-6152-4f57-8524-ac566bd01bce,teamwork.law,available,119.99,,high,low,8,name.com,,,
049a97a9-6c2b-4a37-9dca-ee2bd62cd234,inane.law,available,95.99,95.99,medium,low,5,namesilo,,,07/08/2026 02:43
c403bd96-8c1d-479e-97ad-bea33e5ceed1,blanched.law,available,95.99,95.99,medium,low,8,namesilo,,,07/08/2026 02:14
279c3c22-abad-4df4-a167-50910647628f,diversify.law,available,95.99,95.99,high,low,9,namesilo,,,
208f4c13-832e-4770-80f6-4c6f9388a94a,empowering.law,available,95.99,95.99,high,low,10,namesilo,,,
b524452c-c225-440d-87b9-aaa2172eab27,die.law,premium,412.5,,high,low,3,name.com,,,
ff2e1b19-6445-466b-ad8d-62c6b2326081,disassemble.law,available,95.99,95.99,high,low,11,namesilo,,,
d6a86509-6654-4157-9df9-40c2795f3d08,clothes.law,available,95.99,95.99,high,low,7,namesilo,,,
2705aa18-c962-4195-ad23-daf03bf53765,cxl.law,premium,412.5,151.99,high,low,3,name.com,,,
42df1c5f-0465-4bd4-b841-08075194ca94,alacritous.law,available,95.99,95.99,medium,low,10,namesilo,,,
dcdf3f33-fdb8-4ba6-a751-e1717b84291c,shelf.law,available,95.99,95.99,high,low,5,namesilo,,,
e01e6e16-ab66-4475-9031-0d8c030acb81,innocence.law,available,95.99,95.99,high,low,9,namesilo,,,
a38908a7-a5c4-4922-8883-998ac36d411c,income.law,available,95.99,95.99,high,low,6,namesilo,,,
a136a7ef-6fa6-41cc-a75e-ce18e8ec479c,shelter.law,available,95.99,95.99,high,low,7,namesilo,,,
9eb321b6-a214-4c3c-b150-2ba385c222e1,lick.law,available,95.99,95.99,high,low,4,namesilo,,,
6f42affd-9a8b-48bc-9fbb-69c53e8d67e8,negotiate.law,available,95.99,95.99,high,low,9,namesilo,,,
7417c8ae-35db-4b11-963d-dd8e505ee915,northern.law,premium,412.5,,high,low,8,name.com,,,
37940068-fcbe-43b9-924a-f5feb46bc98e,analyzable.law,available,95.99,95.99,medium,low,10,namesilo,,,
1e9da730-af16-4f2e-8eb3-f0ecc7c0a22b,barbarous.law,available,95.99,95.99,medium,low,9,namesilo,,,08/08/2026 15:40
3f00d97a-261c-4262-a45b-6fb59272ea28,xxiv.law,available,95.99,95.99,high,low,4,namesilo,,,
c20c9322-07c7-4e70-a710-9c2fadc5bf45,preference.law,available,95.99,95.99,high,low,10,namesilo,,,
8ccfb4a3-f0ce-4bc3-b044-4ec3144045a2,internationally.law,available,95.99,95.99,medium,low,15,namesilo,,,
65ccb092-4f39-49fb-b4e4-dda9172630a6,lorry.law,available,95.99,95.99,high,low,5,namesilo,,,
fcede673-f8cc-4d49-9f63-f61cc5c9b276,listen.law,premium,412.5,,high,low,6,name.com,,,
8496ed64-48da-4cb9-9b2e-20c1619140fd,huge.law,available,95.99,95.99,high,low,4,namesilo,,,
30f7b4a2-df9c-45c8-a2e5-5452b717618e,autistic.law,available,95.99,95.99,high,low,8,namesilo,,,07/08/2026 19:22
edcde6f3-3562-4018-b938-af6628b8e97a,perceiving.law,available,119.99,,high,low,10,name.com,,,
7a56bdec-e2b3-4a29-90f5-3f688c0beecd,achromatic.law,available,95.99,95.99,medium,low,10,namesilo,,,
84566206-bc4e-479c-801b-efbd0f9a770f,retarded.law,available,119.99,,medium,low,8,name.com,,,
8f53aa97-6fae-457b-820a-e1c59d0e7493,wind.law,available,95.99,95.99,high,low,4,namesilo,,,
ebdba100-a5d6-43ac-91f5-6d299541a5ae,confetti.law,available,95.99,95.99,high,low,8,namesilo,,,
7bd15e34-bd63-48fe-ba8a-b7bf68715639,penetration.law,available,95.99,95.99,high,low,11,namesilo,,,08/09/2026 15:09
2c2f22ce-3f32-4797-a07f-7307087ac5d0,chop.law,available,95.99,95.99,high,low,4,namesilo,,,
d9dd8bab-80fb-4f5a-9077-a06263d9726b,ass.law,premium,412.5,151.99,high,low,3,name.com,,,09/08/2026 12:05
ac665c74-5437-4355-a3eb-5e88500b2170,music.law,available,,,high,medium,5,,,,
54b3487c-c17e-4c4a-aa5b-f70e4d16263c,neighbour.law,available,95.99,95.99,high,low,9,namesilo,,,
b83b3e9b-f0f9-47e6-9bf4-9b97f2adb170,xxviii.law,available,95.99,95.99,medium,low,6,namesilo,,,
9f4441ce-21d4-471e-9f7a-8abb502b6f1c,basket.law,available,95.99,95.99,high,low,6,namesilo,,,
a9c3f2a9-1288-42d4-8db5-ee7ded56ff33,history.law,available,95.99,95.99,high,low,7,namesilo,,,
3cae7fc5-c5ca-4965-8038-e747dac3637c,courtyard.law,available,95.99,95.99,high,low,9,namesilo,,,
fb07a553-73d8-482e-827b-726adc4af0c8,acrobatic.law,available,105.98,130.98,high,low,9,namecheap,,,
f9e066c2-8073-4614-8e43-e711885c5bf5,reception.law,available,95.99,95.99,high,low,9,namesilo,,,
3b9a24fa-79f8-493f-9222-747f51d0f374,among.law,available,95.99,95.99,medium,low,5,namesilo,,,
dbe39ea1-8271-46d8-bae7-314f5c90c02c,viewer.law,available,95.99,95.99,high,low,6,namesilo,,,
df9f43eb-d4cf-4263-9e4b-b1eb654ff609,anorexic.law,available,95.99,95.99,medium,low,8,namesilo,,,
6f17272e-b27d-4145-b940-8ceba34fb40a,apparent.law,available,95.99,95.99,high,low,8,namesilo,,,06/08/2026 05:08
c1e1721c-00f0-40f8-a557-01e9405d82e4,belarusian.law,available,95.99,95.99,medium,low,10,namesilo,,,09/08/2026 12:32
41b7c9ea-22f8-4b7b-b605-0f07ef11fbf6,behave.law,available,95.99,95.99,high,low,6,namesilo,,,
228dc318-d94c-443d-898b-4e26277b2179,lamp.law,available,95.99,95.99,high,low,4,namesilo,,,
73665bee-fccf-4cc7-a634-a9c400bb0d3a,affinal.law,available,95.99,95.99,high,low,7,namesilo,,,
c90fbc1f-6bbe-4a5d-9c69-f5f7169bf4a4,hiding.law,available,95.99,95.99,high,low,6,namesilo,,,08/09/2026 11:45
d69a44ff-4a38-4219-ac3f-14b7ec2436a7,useless.law,available,95.99,95.99,high,low,7,namesilo,,,
b4f24ebb-05bb-419f-83db-f14b117e60f4,tel.law,premium,412.5,,high,low,3,name.com,,,
faf9b5d9-acf8-4d4c-8456-11a377cfedf9,acronym.law,available,95.99,95.99,high,low,7,namesilo,,,
edc45878-baef-4f58-ab08-1177523fd2b7,augean.law,available,95.99,95.99,medium,low,6,namesilo,,,07/08/2026 16:54
625478ed-73ab-4cc2-8900-e1a627f0c400,secondly.law,available,95.99,95.99,medium,low,8,namesilo,,,
1a95414f-3d87-4dcc-b098-b4e5a936a8eb,throw.law,available,95.99,95.99,high,low,5,namesilo,,,
33786c45-a668-4606-aaae-113ced0b30b6,passion.law,available,95.99,95.99,high,low,7,namesilo,,,
24633e1b-a8b7-4e94-90a0-ed994e1b43b2,munich.law,available,119.99,,high,low,6,name.com,,,
fc398b2f-aad4-470d-8893-6cf223a3ba73,although.law,available,95.99,95.99,medium,low,8,namesilo,,,
e325617a-4f7a-40b6-8522-8dc48deb31fc,antic.law,available,95.99,95.99,high,low,5,namesilo,,,
95db4df1-1d37-45cf-9b3f-c6679a775262,anaerobic.law,available,95.99,95.99,medium,low,9,namesilo,,,
400079f9-3532-4e30-a638-96422f9a9db7,forum.law,available,95.99,95.99,high,low,5,namesilo,,,
dfdf2143-6d09-442f-ae7c-6bb1b724f260,train.law,available,95.99,95.99,high,low,5,namesilo,,,
cc1ed0bd-4f72-4592-af43-a67922291ef6,beaked.law,available,95.99,95.99,medium,low,6,namesilo,,,09/08/2026 03:50
26d1be59-7616-4878-8dc5-1e475a63266e,worst.law,available,95.99,95.99,high,low,5,namesilo,,,
f4330678-9a3a-4e1c-acd4-051013326ce1,err.law,premium,412.5,,high,low,3,name.com,,,
d449ac7b-f853-406d-9290-084a1a0f3a91,repulsive.law,available,95.99,95.99,medium,low,9,namesilo,,,
82314efc-01e3-4cc4-a527-a95c389526f7,analyzed.law,available,95.99,95.99,high,low,8,namesilo,,,
d7df6884-f1b3-41fb-97e0-d3ccad278e1c,bead.law,available,95.99,95.99,high,low,4,namesilo,,,
b5514041-47d7-474b-b1d2-172dffb417be,speculation.law,available,119.99,,high,low,11,name.com,,,
b28e5290-8764-4d9a-b1d4-872f7d4bb02e,aslant.law,available,95.99,95.99,medium,low,6,namesilo,,,07/08/2026 03:56
c4cd4a3f-ca4b-4b0b-9223-3567955713e9,economically.law,available,95.99,95.99,medium,low,12,namesilo,,,
5b2b71f2-cd82-4b3c-91fa-3601a653977a,snore.law,available,95.99,95.99,high,low,5,namesilo,,,
37c9ef7a-743b-442a-b1b0-5a4cfa5673ce,coach.law,available,95.99,95.99,high,low,5,namesilo,,,
8471d52c-7833-4da9-b850-d3e00bb00a0a,burly.law,available,95.99,95.99,medium,low,5,namesilo,,,09/08/2026 07:54
1e7d9499-cd69-4c49-b661-ab6b61fb9f0f,alienate.law,available,95.99,95.99,medium,low,8,namesilo,,,
ec830ccb-8474-4b42-ad96-7642fe265848,grains.law,available,119.99,,high,low,6,name.com,,,
5c85d064-1996-4d4f-a0b3-d252c00308a7,bowed.law,available,95.99,95.99,high,low,5,namesilo,,,06/08/2026 14:55
303247b7-9af8-4db2-ac96-37cb65a35bfd,agronomic.law,available,95.99,95.99,medium,low,9,namesilo,,,
204a7220-7d2c-4012-a647-1005d5c45080,divers.law,available,95.99,95.99,high,low,6,namesilo,,,
deffb76f-9bce-4e21-a6a3-8931d9d79e66,anticipated.law,available,95.99,95.99,high,low,11,namesilo,,,08/09/2026 14:34
77bdb384-95e3-4f84-9f27-7aa187e9472d,acid.law,available,95.99,95.99,high,low,4,namesilo,,,
632f7b2a-f404-477b-a163-26c83b0caf2d,birthday.law,available,95.99,95.99,high,low,8,namesilo,,,
1d035b0e-330d-47ed-bb2f-f32955229f35,mothafucka.law,available,95.99,95.99,medium,low,10,namesilo,,,
02e5d9d4-f7bd-4a33-b715-5d69dbf6de52,sanative.law,available,95.99,95.99,medium,low,8,namesilo,,,
9d2f7dd9-9fe8-481f-ad0d-73672447f03b,motivate.law,available,95.99,95.99,high,low,8,namesilo,,,
4e76315b-20c7-4d5f-b6c3-fbf9663abf8f,goods.law,available,119.99,,high,low,5,name.com,,,
94703238-61ac-4c11-bbcf-f6f728dde8b2,anaemia.law,available,95.99,95.99,medium,low,7,namesilo,,,
f4fd8160-a1b4-427c-9571-1086915f4475,arbitral.law,available,95.99,95.99,high,low,8,namesilo,,,06/08/2026 12:48
5d269869-700d-42ce-ab6e-59feaffa2568,arrayed.law,available,95.99,95.99,medium,low,7,namesilo,,,06/08/2026 21:37
c96f3ebb-4bd1-487f-9707-01a753136d36,players.law,resell,,,high,low,7,"GoDaddy.com, LLC",10/05/2023 17:37,10/05/2027 17:37,
3b070c11-0953-495d-9df8-1f2a2f9fe525,informally.law,available,95.99,95.99,medium,low,10,namesilo,,,
30e8085c-478b-4e97-8945-89da2aae68e3,appearance.law,available,95.99,95.99,high,low,10,namesilo,,,08/09/2026 12:55
e2481db3-d03d-4649-b814-ead32ed4ea74,barbecue.law,available,95.99,95.99,high,low,8,namesilo,,,
777c2464-bce5-40ac-a5e7-f651b18e627d,accursed.law,available,95.99,95.99,medium,low,8,namesilo,,,
954906dd-8689-43da-b29e-f43f66fca3bd,uncomplicated.law,available,119.99,,high,low,13,name.com,,,
ba9ce771-653d-4303-8b8a-7745a601f1c0,sestet.law,available,95.99,95.99,medium,low,6,namesilo,,,
04adc5f5-90ba-4712-a445-3b03d03df24b,aestival.law,available,95.99,95.99,medium,low,8,namesilo,,,
b0bb7bdd-f26f-46ab-aa12-14164c1358e0,there.law,available,95.99,95.99,high,low,5,namesilo,,,
a4907289-14f2-42f1-b2c1-aaf82e705e05,nearer.law,available,95.99,95.99,medium,low,6,namesilo,,,
befa44de-aa32-4331-ba4c-e5bd96618a98,autotelic.law,available,105.98,130.98,high,low,9,namecheap,,,07/08/2026 21:08
93b5e199-fe1b-4d77-921d-a7e66422a4a1,joined.law,available,95.99,95.99,high,low,6,namesilo,,,
9f77881f-9068-45d7-b168-b38072cc3d6a,lxii.law,available,95.99,95.99,medium,low,4,namesilo,,,
cb1cae68-deee-4de5-ab08-68e5559d3986,cleopatra.law,available,95.99,95.99,high,low,9,namesilo,,,
12a9f90f-f11a-4264-a6a5-1c12510dc5e6,aroused.law,available,95.99,95.99,high,low,7,namesilo,,,
9aae7bd1-dcdd-4eb5-91c3-c8feaf502bf4,automobile.law,available,95.99,95.99,high,low,10,namesilo,,,
d8caf404-6489-4536-8532-fee5a02b03be,affixal.law,available,95.99,95.99,medium,low,7,namesilo,,,
9d28211a-7d60-4b07-8126-bcf55463c7f3,lxiii.law,available,95.99,95.99,medium,low,5,namesilo,,,
5cf2f6dc-b958-40e8-a0f2-864ac08ebc20,families.law,available,95.99,95.99,high,low,8,namesilo,,,
6d17cd4e-36b4-46e4-90fd-ee46264bc2b2,normandy.law,available,95.99,95.99,high,low,8,namesilo,,,
75b98e8e-369d-43fa-ad78-32adcc6b4bd0,analogous.law,available,95.99,95.99,high,low,9,namesilo,,,
357f1392-167f-40ec-b727-c2c57cb525b9,prick.law,available,95.99,95.99,high,low,5,namesilo,,,08/08/2026 23:38
0eab26d1-76e6-470e-86c6-069c4af6d120,teens.law,available,95.99,95.99,high,low,5,namesilo,,,
58d93939-0e2c-4834-b0fe-96f9d743b554,everywhere.law,available,119.99,,high,low,10,name.com,,,
41e4bb8a-b844-4a6c-96f9-97a88fd71112,clinic.law,available,95.99,95.99,high,low,6,namesilo,,,
ac4f8d08-4ad6-46a3-80e8-f410b56dc665,otic.law,available,95.99,95.99,medium,low,4,namesilo,,,07/08/2026 17:41
320b6804-00c5-4418-8515-7fd52da122ba,sise.law,available,95.99,95.99,medium,low,4,namesilo,,,
ae925ae5-5e7b-4f82-bbf3-3729d91d677a,shouted.law,available,95.99,95.99,high,low,7,namesilo,,,
7f92e40b-bc18-46f2-a174-383fc9db9d0b,tennis.law,available,95.99,95.99,high,low,6,namesilo,,,
27416636-de98-453c-91b9-0e2a0ac88ac5,borne.law,available,95.99,95.99,high,low,5,namesilo,,,
0e047ab9-ff64-46e8-a681-da5b7531c2ef,foto.law,available,95.99,95.99,high,low,4,namesilo,,,
c56e9d6e-954b-4c42-b1e0-9d8488ed257f,thinking.law,available,95.99,95.99,high,low,8,namesilo,,,
8e7a79e5-e609-45de-9f0c-3b47f86fff94,thug.law,available,95.99,95.99,high,low,4,namesilo,,,
d7f74e22-33ea-495e-84bc-f1a735e64f48,pray.law,available,95.99,95.99,high,low,4,namesilo,,,
23bc0ccd-a724-42db-9de9-78aa58108d46,mosquito.law,available,119.99,,medium,low,8,name.com,,,
39b6acd2-697f-472c-9dab-530527786c99,accoutered.law,available,95.99,95.99,medium,low,10,namesilo,,,
5143c065-c2d1-4684-b602-f08e057100f2,colombo.law,available,95.99,95.99,high,low,7,namesilo,,,
aac4e3a6-cd30-4c7e-9aca-bd9465c275d4,astern.law,available,95.99,95.99,medium,low,6,namesilo,,,
1dfb67ed-1bf2-4c36-8ef7-1e6da60ab9d8,sink.law,available,95.99,95.99,high,low,4,namesilo,,,
354fae65-b312-4a20-8348-50b90bae9156,probable.law,available,95.99,95.99,high,low,8,namesilo,,,
d73e0876-468b-4276-b6ae-58711af215fd,theirs.law,available,119.99,,medium,low,6,name.com,,,